2025.04.09 13:33:33 INFO  Started: Metals version 1.5.2 in folders 'C:\labs\MAGISTER\1 course\TRPO\Lab-2-1' for client Visual Studio Code 1.99.1.
2025.04.09 13:33:34 INFO  no build target found for C:\labs\MAGISTER\1 course\TRPO\Lab-2-1\hello.scala. Using presentation compiler with project's scala-library version: 3.3.5
апр. 09, 2025 1:33:40 PM org.eclipse.lsp4j.jsonrpc.RemoteEndpoint handleCancellation
WARNING: Unmatched cancel notification for request id 1
апр. 09, 2025 1:33:40 PM org.eclipse.lsp4j.jsonrpc.RemoteEndpoint handleCancellation
WARNING: Unmatched cancel notification for request id 6
апр. 09, 2025 1:33:40 PM org.eclipse.lsp4j.jsonrpc.RemoteEndpoint handleCancellation
WARNING: Unmatched cancel notification for request id 2
2025.04.09 13:33:40 INFO  no build target found for C:\labs\MAGISTER\1 course\TRPO\Lab-2-1\hello.scala. Using presentation compiler with project's scala-library version: 3.3.5
2025.04.09 13:33:41 INFO  Attempting to connect to the build server...
2025.04.09 13:33:41 INFO  Running BSP server List(C:\Users\evgen\AppData\Local\Coursier\cache\arc\https\github.com\scala\scala3\releases\download\3.6.4\scala3-3.6.4-x86_64-pc-win32.zip\scala3-3.6.4-x86_64-pc-win32\libexec\scala-cli.exe, --cli-default-scala-version, 3.6.4, --repository, file:///C:/Users/evgen/AppData/Local/Coursier/cache/arc/https/github.com/scala/scala3/releases/download/3.6.4/scala3-3.6.4-x86_64-pc-win32.zip/scala3-3.6.4-x86_64-pc-win32/maven2, --prog-name, scala, --skip-cli-updates, bsp, --json-options, c:\labs\MAGISTER\1 course\TRPO\Lab-2-1\.scala-build\ide-options-v2.json, --json-launcher-options, c:\labs\MAGISTER\1 course\TRPO\Lab-2-1\.scala-build\ide-launcher-options.json, --envs-file, c:\labs\MAGISTER\1 course\TRPO\Lab-2-1\.scala-build\ide-envs.json, c:\labs\MAGISTER\1 course\TRPO\Lab-2-1\hello.scala)
2025.04.09 13:33:42 INFO  tracing is disabled for protocol BSP, to enable tracing of incoming and outgoing JSON messages create an empty file at C:\labs\MAGISTER\1 course\TRPO\Lab-2-1\.metals\bsp.trace.json or C:\Users\evgen\AppData\Local\scalameta\metals\cache\bsp.trace.json
2025.04.09 13:33:42 INFO  BSP server: Downloading https://repo1.maven.org/maven2/com/sourcegraph/semanticdb-javac/0.10.0/semanticdb-javac-0.10.0.pom
2025.04.09 13:33:42 INFO  BSP server: Downloaded https://repo1.maven.org/maven2/com/sourcegraph/semanticdb-javac/0.10.0/semanticdb-javac-0.10.0.pom
2025.04.09 13:33:42 INFO  BSP server: Downloading https://repo1.maven.org/maven2/com/sourcegraph/semanticdb-javac/0.10.0/semanticdb-javac-0.10.0.jar
2025.04.09 13:33:43 INFO  BSP server: Downloaded https://repo1.maven.org/maven2/com/sourcegraph/semanticdb-javac/0.10.0/semanticdb-javac-0.10.0.jar
2025.04.09 13:33:44 INFO  time: Connected to build server in 2.65s
2025.04.09 13:33:44 INFO  Connected to Build server: scala v1.5.4
2025.04.09 13:33:44 INFO  time: Imported build in 0.21s
2025.04.09 13:33:44 INFO  compiling lab-2-1_f4cf881f25-22993a2aa5 (1 scala source)
2025.04.09 13:33:46 INFO  time: compiled Lab-2-1_f4cf881f25-22993a2aa5 in 2.38s
2025.04.09 13:34:03 INFO  time: indexed workspace in 19s
2025.04.09 13:38:21 INFO  no build target found for C:\labs\MAGISTER\1 course\TRPO\Lab-2-1\lab1\src\main\scala\my\scalafx\ScalaFXHelloWorld.scala. Using presentation compiler with project's scala-library version: 3.6.4
2025.04.09 13:38:21 INFO  no build target found for C:\labs\MAGISTER\1 course\TRPO\Lab-2-1\lab1\src\main\scala\my\scalafx\ScalaFXHelloWorld.scala. Using presentation compiler with project's scala-library version: 3.6.4
2025.04.09 13:38:22 INFO  no build target found for C:\labs\MAGISTER\1 course\TRPO\Lab-2-1\lab1\src\main\scala\my\scalafx\ScalaFXHelloWorld.scala. Using presentation compiler with project's scala-library version: 3.6.4
2025.04.09 13:38:22 INFO  no build target found for C:\labs\MAGISTER\1 course\TRPO\Lab-2-1\lab1\src\main\scala\my\scalafx\ScalaFXHelloWorld.scala. Using presentation compiler with project's scala-library version: 3.6.4
2025.04.09 13:38:23 INFO  time: code lens generation in 1.21s
2025.04.09 13:38:27 INFO  BSP server: os.PathError$LastOnEmptyPath: empty path has no last segment
2025.04.09 13:38:27 INFO  BSP server: 	at os.PathError$LastOnEmptyPath$.apply(Path.scala:269)
2025.04.09 13:38:27 INFO  BSP server: 	at os.BasePathImpl.last$$anonfun$1(Path.scala:251)
2025.04.09 13:38:27 INFO  BSP server: 	at scala.Option.getOrElse(Option.scala:201)
2025.04.09 13:38:27 INFO  BSP server: 	at os.BasePathImpl.last(Path.scala:251)
2025.04.09 13:38:27 INFO  BSP server: 	at os.BasePathImpl.last$(Path.scala:231)
2025.04.09 13:38:27 INFO  BSP server: 	at os.RelPath.last(Path.scala:307)
2025.04.09 13:38:27 INFO  BSP server: 	at scala.build.bsp.BloopSession.isScalaFile$1(BloopSession.scala:40)
2025.04.09 13:38:27 INFO  BSP server: 	at scala.build.bsp.BloopSession.$anonfun$1(BloopSession.scala:42)
2025.04.09 13:38:27 INFO  BSP server: 	at scala.build.bsp.BloopSession.registerWatchInputs$$anonfun$1$$anonfun$1(BloopSession.scala:48)
2025.04.09 13:38:27 INFO  BSP server: 	at scala.runtime.function.JProcedure1.apply(JProcedure1.java:15)
2025.04.09 13:38:27 INFO  BSP server: 	at scala.runtime.function.JProcedure1.apply(JProcedure1.java:10)
2025.04.09 13:38:27 INFO  BSP server: 	at scala.build.Build$$anon$2.onNext(Build.scala:1247)
2025.04.09 13:38:27 INFO  BSP server: 	at scala.build.Build$$anon$2.onNext(Build.scala:1246)
2025.04.09 13:38:27 INFO  BSP server: 	at com.swoval.files.Observers.onNext(Observers.java:31)
2025.04.09 13:38:27 INFO  BSP server: 	at com.swoval.files.SymlinkFollowingPathWatcher$1.onNext(SymlinkFollowingPathWatcher.java:58)
2025.04.09 13:38:27 INFO  BSP server: 	at com.swoval.files.SymlinkFollowingPathWatcher$1.onNext(SymlinkFollowingPathWatcher.java:36)
2025.04.09 13:38:27 INFO  BSP server: 	at com.swoval.files.Observers.onNext(Observers.java:31)
2025.04.09 13:38:27 INFO  BSP server: 	at com.swoval.files.NioPathWatcher.runCallbacks(NioPathWatcher.java:462)
2025.04.09 13:38:27 INFO  BSP server: 	at com.swoval.files.NioPathWatcher.handleEvent(NioPathWatcher.java:486)
2025.04.09 13:38:27 INFO  BSP server: 	at com.swoval.files.NioPathWatcher.access$300(NioPathWatcher.java:35)
2025.04.09 13:38:27 INFO  BSP server: 	at com.swoval.files.NioPathWatcher$2.accept(NioPathWatcher.java:108)
2025.04.09 13:38:27 INFO  BSP server: 	at com.swoval.files.NioPathWatcher$2.accept(NioPathWatcher.java:102)
2025.04.09 13:38:27 INFO  BSP server: 	at com.swoval.files.NioPathWatcherService$2.run(NioPathWatcherService.java:95)
2025.04.09 13:38:27 INFO  BSP server: 	at com.oracle.svm.core.thread.PlatformThreads.threadStartRoutine(PlatformThreads.java:775)
2025.04.09 13:38:27 INFO  BSP server: 	at com.oracle.svm.core.windows.WindowsPlatformThreads.osThreadStartRoutine(WindowsPlatformThreads.java:178)
2025.04.09 13:38:27 INFO  no build target found for C:\labs\MAGISTER\1 course\TRPO\Lab-2-1\lab1\src\main\scala\my\scalafx\ScalaFXHelloWorld.scala. Using presentation compiler with project's scala-library version: 3.6.4
2025.04.09 13:38:27 WARN  no build target for: C:\labs\MAGISTER\1 course\TRPO\Lab-2-1\lab1\src\main\scala\my\scalafx\ScalaFXHelloWorld.scala
2025.04.09 13:38:27 INFO  no build target found for C:\labs\MAGISTER\1 course\TRPO\Lab-2-1\lab1\src\main\scala\my\scalafx\ScalaFXHelloWorld.scala. Using presentation compiler with project's scala-library version: 3.6.4
2025.04.09 13:38:52 INFO  no build target found for C:\labs\MAGISTER\1 course\TRPO\Lab-2-1\lab1\src\main\scala\my\scalafx\Fraction.scala. Using presentation compiler with project's scala-library version: 3.6.4
2025.04.09 13:38:52 INFO  no build target found for C:\labs\MAGISTER\1 course\TRPO\Lab-2-1\lab1\src\main\scala\my\scalafx\Fraction.scala. Using presentation compiler with project's scala-library version: 3.6.4
2025.04.09 13:38:52 WARN  no build target for: C:\labs\MAGISTER\1 course\TRPO\Lab-2-1\lab1\src\main\scala\my\scalafx\Fraction.scala
2025.04.09 13:38:52 INFO  no build target found for C:\labs\MAGISTER\1 course\TRPO\Lab-2-1\lab1\src\main\scala\my\scalafx\ScalaFXHelloWorld.scala. Using presentation compiler with project's scala-library version: 3.6.4
2025.04.09 13:38:52 WARN  no build target for: C:\labs\MAGISTER\1 course\TRPO\Lab-2-1\lab1\src\main\scala\my\scalafx\Fraction.scala
2025.04.09 13:38:52 INFO  no build target found for C:\labs\MAGISTER\1 course\TRPO\Lab-2-1\lab1\src\main\scala\my\scalafx\ScalaFXHelloWorld.scala. Using presentation compiler with project's scala-library version: 3.6.4
2025.04.09 13:38:52 INFO  no build target found for C:\labs\MAGISTER\1 course\TRPO\Lab-2-1\lab1\src\main\scala\my\scalafx\Fraction.scala. Using presentation compiler with project's scala-library version: 3.6.4
2025.04.09 13:38:52 INFO  no build target found for C:\labs\MAGISTER\1 course\TRPO\Lab-2-1\lab1\src\main\scala\my\scalafx\Fraction.scala. Using presentation compiler with project's scala-library version: 3.6.4
2025.04.09 13:39:06 INFO  no build target found for C:\labs\MAGISTER\1 course\TRPO\Lab-2-1\lab1\src\main\scala\my\scalafx\Fraction.scala. Using presentation compiler with project's scala-library version: 3.6.4
2025.04.09 13:39:06 INFO  no build target found for C:\labs\MAGISTER\1 course\TRPO\Lab-2-1\lab1\src\main\scala\my\scalafx\Fraction.scala. Using presentation compiler with project's scala-library version: 3.6.4
2025.04.09 13:39:06 INFO  no build target found for C:\labs\MAGISTER\1 course\TRPO\Lab-2-1\lab1\src\main\scala\my\scalafx\Fraction.scala. Using presentation compiler with project's scala-library version: 3.6.4
2025.04.09 13:39:06 INFO  no build target found for C:\labs\MAGISTER\1 course\TRPO\Lab-2-1\lab1\src\main\scala\my\scalafx\Fraction.scala. Using presentation compiler with project's scala-library version: 3.6.4
2025.04.09 13:39:07 INFO  no build target found for C:\labs\MAGISTER\1 course\TRPO\Lab-2-1\lab1\src\main\scala\my\scalafx\Fraction.scala. Using presentation compiler with project's scala-library version: 3.6.4
2025.04.09 13:39:07 INFO  no build target found for C:\labs\MAGISTER\1 course\TRPO\Lab-2-1\lab1\src\main\scala\my\scalafx\Fraction.scala. Using presentation compiler with project's scala-library version: 3.6.4
2025.04.09 13:39:07 INFO  no build target found for C:\labs\MAGISTER\1 course\TRPO\Lab-2-1\lab1\src\main\scala\my\scalafx\Fraction.scala. Using presentation compiler with project's scala-library version: 3.6.4
2025.04.09 13:39:07 INFO  no build target found for C:\labs\MAGISTER\1 course\TRPO\Lab-2-1\lab1\src\main\scala\my\scalafx\Fraction.scala. Using presentation compiler with project's scala-library version: 3.6.4
апр. 09, 2025 1:39:07 PM org.eclipse.lsp4j.jsonrpc.RemoteEndpoint handleCancellation
WARNING: Unmatched cancel notification for request id 67
апр. 09, 2025 1:39:07 PM org.eclipse.lsp4j.jsonrpc.RemoteEndpoint handleCancellation
WARNING: Unmatched cancel notification for request id 70
2025.04.09 13:39:07 WARN  no build target for: C:\labs\MAGISTER\1 course\TRPO\Lab-2-1\lab1\src\main\scala\my\scalafx\Fraction.scala
2025.04.09 13:39:08 INFO  no build target found for C:\labs\MAGISTER\1 course\TRPO\Lab-2-1\lab1\src\main\scala\my\scalafx\Fraction.scala. Using presentation compiler with project's scala-library version: 3.6.4
2025.04.09 13:39:09 INFO  no build target found for C:\labs\MAGISTER\1 course\TRPO\Lab-2-1\lab1\src\main\scala\my\scalafx\Fraction.scala. Using presentation compiler with project's scala-library version: 3.6.4
2025.04.09 13:39:09 INFO  no build target found for C:\labs\MAGISTER\1 course\TRPO\Lab-2-1\lab1\src\main\scala\my\scalafx\Fraction.scala. Using presentation compiler with project's scala-library version: 3.6.4
2025.04.09 13:39:09 INFO  no build target found for C:\labs\MAGISTER\1 course\TRPO\Lab-2-1\lab1\src\main\scala\my\scalafx\Fraction.scala. Using presentation compiler with project's scala-library version: 3.6.4
2025.04.09 13:39:11 INFO  no build target found for C:\labs\MAGISTER\1 course\TRPO\Lab-2-1\lab1\src\main\scala\my\scalafx\Fraction.scala. Using presentation compiler with project's scala-library version: 3.6.4
2025.04.09 13:39:11 INFO  no build target found for C:\labs\MAGISTER\1 course\TRPO\Lab-2-1\lab1\src\main\scala\my\scalafx\Fraction.scala. Using presentation compiler with project's scala-library version: 3.6.4
2025.04.09 13:39:11 INFO  no build target found for C:\labs\MAGISTER\1 course\TRPO\Lab-2-1\lab1\src\main\scala\my\scalafx\Fraction.scala. Using presentation compiler with project's scala-library version: 3.6.4
2025.04.09 13:39:11 INFO  no build target found for C:\labs\MAGISTER\1 course\TRPO\Lab-2-1\lab1\src\main\scala\my\scalafx\Fraction.scala. Using presentation compiler with project's scala-library version: 3.6.4
2025.04.09 13:39:11 INFO  no build target found for C:\labs\MAGISTER\1 course\TRPO\Lab-2-1\lab1\src\main\scala\my\scalafx\Fraction.scala. Using presentation compiler with project's scala-library version: 3.6.4
2025.04.09 13:39:11 INFO  no build target found for C:\labs\MAGISTER\1 course\TRPO\Lab-2-1\lab1\src\main\scala\my\scalafx\Fraction.scala. Using presentation compiler with project's scala-library version: 3.6.4
апр. 09, 2025 1:39:12 PM org.eclipse.lsp4j.jsonrpc.RemoteEndpoint handleCancellation
WARNING: Unmatched cancel notification for request id 91
2025.04.09 13:39:12 INFO  no build target found for C:\labs\MAGISTER\1 course\TRPO\Lab-2-1\lab1\src\main\scala\my\scalafx\Fraction.scala. Using presentation compiler with project's scala-library version: 3.6.4
2025.04.09 13:39:12 INFO  no build target found for C:\labs\MAGISTER\1 course\TRPO\Lab-2-1\lab1\src\main\scala\my\scalafx\Fraction.scala. Using presentation compiler with project's scala-library version: 3.6.4
2025.04.09 13:39:12 INFO  no build target found for C:\labs\MAGISTER\1 course\TRPO\Lab-2-1\lab1\src\main\scala\my\scalafx\Fraction.scala. Using presentation compiler with project's scala-library version: 3.6.4
2025.04.09 13:39:12 INFO  no build target found for C:\labs\MAGISTER\1 course\TRPO\Lab-2-1\lab1\src\main\scala\my\scalafx\Fraction.scala. Using presentation compiler with project's scala-library version: 3.6.4
2025.04.09 13:39:12 INFO  no build target found for C:\labs\MAGISTER\1 course\TRPO\Lab-2-1\lab1\src\main\scala\my\scalafx\Fraction.scala. Using presentation compiler with project's scala-library version: 3.6.4
2025.04.09 13:39:13 INFO  no build target found for C:\labs\MAGISTER\1 course\TRPO\Lab-2-1\lab1\src\main\scala\my\scalafx\Fraction.scala. Using presentation compiler with project's scala-library version: 3.6.4
2025.04.09 13:39:12 INFO  no build target found for C:\labs\MAGISTER\1 course\TRPO\Lab-2-1\lab1\src\main\scala\my\scalafx\Fraction.scala. Using presentation compiler with project's scala-library version: 3.6.4
2025.04.09 13:39:13 INFO  no build target found for C:\labs\MAGISTER\1 course\TRPO\Lab-2-1\lab1\src\main\scala\my\scalafx\Fraction.scala. Using presentation compiler with project's scala-library version: 3.6.4
апр. 09, 2025 1:39:13 PM scala.meta.internal.metals.StdReporter $anonfun$create$1
WARNING: empty definition using pc, found symbol in pc: `<none>`. (full report at: C:\labs\MAGISTER\1 course\TRPO\Lab-2-1\.metals\.reports\metals-full\2025-04-09\r_empty-definition_13-39-13-827.md)
2025.04.09 13:39:13 INFO  no build target found for C:\labs\MAGISTER\1 course\TRPO\Lab-2-1\lab1\src\main\scala\my\scalafx\Fraction.scala. Using presentation compiler with project's scala-library version: 3.6.4
2025.04.09 13:39:13 WARN  no build target for: C:\labs\MAGISTER\1 course\TRPO\Lab-2-1\lab1\src\main\scala\my\scalafx\Fraction.scala
2025.04.09 13:39:13 INFO  no build target found for C:\labs\MAGISTER\1 course\TRPO\Lab-2-1\lab1\src\main\scala\my\scalafx\Fraction.scala. Using presentation compiler with project's scala-library version: 3.6.4
2025.04.09 13:39:13 INFO  no build target found for C:\labs\MAGISTER\1 course\TRPO\Lab-2-1\lab1\src\main\scala\my\scalafx\Fraction.scala. Using presentation compiler with project's scala-library version: 3.6.4
2025.04.09 13:39:14 INFO  no build target found for C:\labs\MAGISTER\1 course\TRPO\Lab-2-1\lab1\src\main\scala\my\scalafx\Fraction.scala. Using presentation compiler with project's scala-library version: 3.6.4
Exception in thread "pool-34-thread-1" java.lang.InterruptedException
	at scala.meta.internal.metals.FutureCancelToken.checkCanceled(FutureCancelToken.scala:29)
	at scala.meta.internal.pc.CompilerAccess.onCompilerJobQueue$$anonfun$1(CompilerAccess.scala:244)
	at scala.meta.internal.pc.CompilerJobQueue$Job.run(CompilerJobQueue.scala:153)
	at java.base/java.util.concurrent.ThreadPoolExecutor.runWorker(ThreadPoolExecutor.java:1136)
	at java.base/java.util.concurrent.ThreadPoolExecutor$Worker.run(ThreadPoolExecutor.java:635)
	at java.base/java.lang.Thread.run(Thread.java:840)
2025.04.09 13:39:15 INFO  no build target found for C:\labs\MAGISTER\1 course\TRPO\Lab-2-1\lab1\src\main\scala\my\scalafx\Fraction.scala. Using presentation compiler with project's scala-library version: 3.6.4
2025.04.09 13:39:21 INFO  no build target found for C:\labs\MAGISTER\1 course\TRPO\Lab-2-1\lab1\src\main\scala\my\scalafx\Fraction.scala. Using presentation compiler with project's scala-library version: 3.6.4
2025.04.09 13:39:24 INFO  no build target found for C:\labs\MAGISTER\1 course\TRPO\Lab-2-1\lab1\src\main\scala\my\scalafx\ScalaFXHelloWorld.scala. Using presentation compiler with project's scala-library version: 3.6.4
2025.04.09 13:39:24 WARN  no build target for: C:\labs\MAGISTER\1 course\TRPO\Lab-2-1\lab1\src\main\scala\my\scalafx\ScalaFXHelloWorld.scala
2025.04.09 13:39:24 INFO  no build target found for C:\labs\MAGISTER\1 course\TRPO\Lab-2-1\lab1\src\main\scala\my\scalafx\ScalaFXHelloWorld.scala. Using presentation compiler with project's scala-library version: 3.6.4
2025.04.09 13:39:24 INFO  no build target found for C:\labs\MAGISTER\1 course\TRPO\Lab-2-1\lab1\src\main\scala\my\scalafx\ScalaFXHelloWorld.scala. Using presentation compiler with project's scala-library version: 3.6.4
2025.04.09 13:39:24 INFO  no build target found for C:\labs\MAGISTER\1 course\TRPO\Lab-2-1\lab1\src\main\scala\my\scalafx\ScalaFXHelloWorld.scala. Using presentation compiler with project's scala-library version: 3.6.4
2025.04.09 13:39:24 INFO  no build target found for C:\labs\MAGISTER\1 course\TRPO\Lab-2-1\lab1\src\main\scala\my\scalafx\ScalaFXHelloWorld.scala. Using presentation compiler with project's scala-library version: 3.6.4
2025.04.09 13:39:30 INFO  no build target found for C:\labs\MAGISTER\1 course\TRPO\Lab-2-1\lab1\src\main\scala\my\scalafx\ScalaFXHelloWorld.scala. Using presentation compiler with project's scala-library version: 3.6.4
2025.04.09 13:39:31 INFO  no build target found for C:\labs\MAGISTER\1 course\TRPO\Lab-2-1\lab1\src\main\scala\my\scalafx\ScalaFXHelloWorld.scala. Using presentation compiler with project's scala-library version: 3.6.4
2025.04.09 13:39:31 INFO  no build target found for C:\labs\MAGISTER\1 course\TRPO\Lab-2-1\lab1\src\main\scala\my\scalafx\ScalaFXHelloWorld.scala. Using presentation compiler with project's scala-library version: 3.6.4
2025.04.09 13:39:32 INFO  no build target found for C:\labs\MAGISTER\1 course\TRPO\Lab-2-1\lab1\src\main\scala\my\scalafx\ScalaFXHelloWorld.scala. Using presentation compiler with project's scala-library version: 3.6.4
2025.04.09 13:39:31 INFO  no build target found for C:\labs\MAGISTER\1 course\TRPO\Lab-2-1\lab1\src\main\scala\my\scalafx\ScalaFXHelloWorld.scala. Using presentation compiler with project's scala-library version: 3.6.4
2025.04.09 13:39:32 INFO  no build target found for C:\labs\MAGISTER\1 course\TRPO\Lab-2-1\lab1\src\main\scala\my\scalafx\ScalaFXHelloWorld.scala. Using presentation compiler with project's scala-library version: 3.6.4
2025.04.09 13:39:32 INFO  no build target found for C:\labs\MAGISTER\1 course\TRPO\Lab-2-1\lab1\src\main\scala\my\scalafx\ScalaFXHelloWorld.scala. Using presentation compiler with project's scala-library version: 3.6.4
2025.04.09 13:39:32 INFO  no build target found for C:\labs\MAGISTER\1 course\TRPO\Lab-2-1\lab1\src\main\scala\my\scalafx\ScalaFXHelloWorld.scala. Using presentation compiler with project's scala-library version: 3.6.4
2025.04.09 13:39:32 WARN  no build target for: C:\labs\MAGISTER\1 course\TRPO\Lab-2-1\lab1\src\main\scala\my\scalafx\ScalaFXHelloWorld.scala
2025.04.09 13:39:32 INFO  no build target found for C:\labs\MAGISTER\1 course\TRPO\Lab-2-1\lab1\src\main\scala\my\scalafx\ScalaFXHelloWorld.scala. Using presentation compiler with project's scala-library version: 3.6.4
2025.04.09 13:39:32 INFO  no build target found for C:\labs\MAGISTER\1 course\TRPO\Lab-2-1\lab1\src\main\scala\my\scalafx\ScalaFXHelloWorld.scala. Using presentation compiler with project's scala-library version: 3.6.4
2025.04.09 13:39:37 INFO  no build target found for C:\labs\MAGISTER\1 course\TRPO\Lab-2-1\lab1\src\main\scala\my\scalafx\ScalaFXHelloWorld.scala. Using presentation compiler with project's scala-library version: 3.6.4
2025.04.09 13:39:37 INFO  no build target found for C:\labs\MAGISTER\1 course\TRPO\Lab-2-1\lab1\src\main\scala\my\scalafx\ScalaFXHelloWorld.scala. Using presentation compiler with project's scala-library version: 3.6.4
2025.04.09 13:39:37 INFO  no build target found for C:\labs\MAGISTER\1 course\TRPO\Lab-2-1\lab1\src\main\scala\my\scalafx\ScalaFXHelloWorld.scala. Using presentation compiler with project's scala-library version: 3.6.4
2025.04.09 13:39:37 INFO  no build target found for C:\labs\MAGISTER\1 course\TRPO\Lab-2-1\lab1\src\main\scala\my\scalafx\ScalaFXHelloWorld.scala. Using presentation compiler with project's scala-library version: 3.6.4
2025.04.09 13:39:43 INFO  no build target found for C:\labs\MAGISTER\1 course\TRPO\Lab-2-1\lab1\src\main\scala\my\scalafx\ScalaFXHelloWorld.scala. Using presentation compiler with project's scala-library version: 3.6.4
2025.04.09 13:39:43 INFO  no build target found for C:\labs\MAGISTER\1 course\TRPO\Lab-2-1\lab1\src\main\scala\my\scalafx\ScalaFXHelloWorld.scala. Using presentation compiler with project's scala-library version: 3.6.4
2025.04.09 13:39:45 INFO  no build target found for C:\labs\MAGISTER\1 course\TRPO\Lab-2-1\lab1\src\main\scala\my\scalafx\ScalaFXHelloWorld.scala. Using presentation compiler with project's scala-library version: 3.6.4
2025.04.09 13:39:45 INFO  no build target found for C:\labs\MAGISTER\1 course\TRPO\Lab-2-1\lab1\src\main\scala\my\scalafx\ScalaFXHelloWorld.scala. Using presentation compiler with project's scala-library version: 3.6.4
2025.04.09 13:39:47 INFO  no build target found for C:\labs\MAGISTER\1 course\TRPO\Lab-2-1\lab1\src\main\scala\my\scalafx\ScalaFXHelloWorld.scala. Using presentation compiler with project's scala-library version: 3.6.4
2025.04.09 13:39:50 INFO  no build target found for C:\labs\MAGISTER\1 course\TRPO\Lab-2-1\lab1\src\main\scala\my\scalafx\ScalaFXHelloWorld.scala. Using presentation compiler with project's scala-library version: 3.6.4
2025.04.09 13:40:30 INFO  no build target found for C:\labs\MAGISTER\1 course\TRPO\Lab-2-1\lab1\src\main\scala\my\scalafx\ScalaFXHelloWorld.scala. Using presentation compiler with project's scala-library version: 3.6.4
2025.04.09 13:40:30 INFO  no build target found for C:\labs\MAGISTER\1 course\TRPO\Lab-2-1\lab1\src\main\scala\my\scalafx\ScalaFXHelloWorld.scala. Using presentation compiler with project's scala-library version: 3.6.4
2025.04.09 13:40:30 INFO  no build target found for C:\labs\MAGISTER\1 course\TRPO\Lab-2-1\lab1\src\main\scala\my\scalafx\ScalaFXHelloWorld.scala. Using presentation compiler with project's scala-library version: 3.6.4
2025.04.09 13:40:30 INFO  no build target found for C:\labs\MAGISTER\1 course\TRPO\Lab-2-1\lab1\src\main\scala\my\scalafx\ScalaFXHelloWorld.scala. Using presentation compiler with project's scala-library version: 3.6.4
2025.04.09 13:40:30 INFO  no build target found for C:\labs\MAGISTER\1 course\TRPO\Lab-2-1\lab1\src\main\scala\my\scalafx\ScalaFXHelloWorld.scala. Using presentation compiler with project's scala-library version: 3.6.4
2025.04.09 13:40:31 INFO  no build target found for C:\labs\MAGISTER\1 course\TRPO\Lab-2-1\lab1\src\main\scala\my\scalafx\ScalaFXHelloWorld.scala. Using presentation compiler with project's scala-library version: 3.6.4
2025.04.09 13:40:30 INFO  no build target found for C:\labs\MAGISTER\1 course\TRPO\Lab-2-1\lab1\src\main\scala\my\scalafx\ScalaFXHelloWorld.scala. Using presentation compiler with project's scala-library version: 3.6.4
2025.04.09 13:40:31 INFO  no build target found for C:\labs\MAGISTER\1 course\TRPO\Lab-2-1\lab1\src\main\scala\my\scalafx\ScalaFXHelloWorld.scala. Using presentation compiler with project's scala-library version: 3.6.4
2025.04.09 13:40:32 INFO  no build target found for C:\labs\MAGISTER\1 course\TRPO\Lab-2-1\lab1\src\main\scala\my\scalafx\ScalaFXHelloWorld.scala. Using presentation compiler with project's scala-library version: 3.6.4
2025.04.09 13:40:32 INFO  no build target found for C:\labs\MAGISTER\1 course\TRPO\Lab-2-1\lab1\src\main\scala\my\scalafx\ScalaFXHelloWorld.scala. Using presentation compiler with project's scala-library version: 3.6.4
2025.04.09 13:40:33 INFO  no build target found for C:\labs\MAGISTER\1 course\TRPO\Lab-2-1\lab1\src\main\scala\my\scalafx\ScalaFXHelloWorld.scala. Using presentation compiler with project's scala-library version: 3.6.4
2025.04.09 13:40:33 WARN  no build target for: C:\labs\MAGISTER\1 course\TRPO\Lab-2-1\lab1\src\main\scala\my\scalafx\ScalaFXHelloWorld.scala
2025.04.09 13:40:33 INFO  no build target found for C:\labs\MAGISTER\1 course\TRPO\Lab-2-1\lab1\src\main\scala\my\scalafx\ScalaFXHelloWorld.scala. Using presentation compiler with project's scala-library version: 3.6.4
2025.04.09 13:40:35 INFO  no build target found for C:\labs\MAGISTER\1 course\TRPO\Lab-2-1\lab1\src\main\scala\my\scalafx\ScalaFXHelloWorld.scala. Using presentation compiler with project's scala-library version: 3.6.4
2025.04.09 13:40:35 INFO  no build target found for C:\labs\MAGISTER\1 course\TRPO\Lab-2-1\lab1\src\main\scala\my\scalafx\ScalaFXHelloWorld.scala. Using presentation compiler with project's scala-library version: 3.6.4
2025.04.09 13:40:35 INFO  no build target found for C:\labs\MAGISTER\1 course\TRPO\Lab-2-1\lab1\src\main\scala\my\scalafx\ScalaFXHelloWorld.scala. Using presentation compiler with project's scala-library version: 3.6.4
2025.04.09 13:40:35 INFO  no build target found for C:\labs\MAGISTER\1 course\TRPO\Lab-2-1\lab1\src\main\scala\my\scalafx\ScalaFXHelloWorld.scala. Using presentation compiler with project's scala-library version: 3.6.4
2025.04.09 13:40:35 WARN  no build target for: C:\labs\MAGISTER\1 course\TRPO\Lab-2-1\lab1\src\main\scala\my\scalafx\ScalaFXHelloWorld.scala
2025.04.09 13:40:35 INFO  no build target found for C:\labs\MAGISTER\1 course\TRPO\Lab-2-1\lab1\src\main\scala\my\scalafx\ScalaFXHelloWorld.scala. Using presentation compiler with project's scala-library version: 3.6.4
2025.04.09 13:40:35 INFO  no build target found for C:\labs\MAGISTER\1 course\TRPO\Lab-2-1\lab1\src\main\scala\my\scalafx\ScalaFXHelloWorld.scala. Using presentation compiler with project's scala-library version: 3.6.4
2025.04.09 13:40:35 INFO  no build target found for C:\labs\MAGISTER\1 course\TRPO\Lab-2-1\lab1\src\main\scala\my\scalafx\ScalaFXHelloWorld.scala. Using presentation compiler with project's scala-library version: 3.6.4
2025.04.09 13:40:35 INFO  no build target found for C:\labs\MAGISTER\1 course\TRPO\Lab-2-1\lab1\src\main\scala\my\scalafx\ScalaFXHelloWorld.scala. Using presentation compiler with project's scala-library version: 3.6.4
апр. 09, 2025 1:40:36 PM scala.meta.internal.metals.StdReporter $anonfun$create$1
WARNING: empty definition using pc, found symbol in pc: `<none>`. (full report at: C:\labs\MAGISTER\1 course\TRPO\Lab-2-1\.metals\.reports\metals-full\2025-04-09\r_empty-definition_13-39-13-827.md)
2025.04.09 13:40:36 INFO  no build target found for C:\labs\MAGISTER\1 course\TRPO\Lab-2-1\lab1\src\main\scala\my\scalafx\ScalaFXHelloWorld.scala. Using presentation compiler with project's scala-library version: 3.6.4
2025.04.09 13:40:37 INFO  no build target found for C:\labs\MAGISTER\1 course\TRPO\Lab-2-1\lab1\src\main\scala\my\scalafx\ScalaFXHelloWorld.scala. Using presentation compiler with project's scala-library version: 3.6.4
2025.04.09 13:40:37 INFO  no build target found for C:\labs\MAGISTER\1 course\TRPO\Lab-2-1\lab1\src\main\scala\my\scalafx\ScalaFXHelloWorld.scala. Using presentation compiler with project's scala-library version: 3.6.4
2025.04.09 13:40:37 WARN  no build target for: C:\labs\MAGISTER\1 course\TRPO\Lab-2-1\lab1\src\main\scala\my\scalafx\ScalaFXHelloWorld.scala
2025.04.09 13:40:37 INFO  no build target found for C:\labs\MAGISTER\1 course\TRPO\Lab-2-1\lab1\src\main\scala\my\scalafx\ScalaFXHelloWorld.scala. Using presentation compiler with project's scala-library version: 3.6.4
2025.04.09 13:40:38 INFO  no build target found for C:\labs\MAGISTER\1 course\TRPO\Lab-2-1\lab1\src\main\scala\my\scalafx\ScalaFXHelloWorld.scala. Using presentation compiler with project's scala-library version: 3.6.4
2025.04.09 13:40:38 INFO  no build target found for C:\labs\MAGISTER\1 course\TRPO\Lab-2-1\lab1\src\main\scala\my\scalafx\ScalaFXHelloWorld.scala. Using presentation compiler with project's scala-library version: 3.6.4
2025.04.09 13:40:40 INFO  no build target found for C:\labs\MAGISTER\1 course\TRPO\Lab-2-1\lab1\src\main\scala\my\scalafx\ScalaFXHelloWorld.scala. Using presentation compiler with project's scala-library version: 3.6.4
2025.04.09 13:40:40 INFO  no build target found for C:\labs\MAGISTER\1 course\TRPO\Lab-2-1\lab1\src\main\scala\my\scalafx\ScalaFXHelloWorld.scala. Using presentation compiler with project's scala-library version: 3.6.4
2025.04.09 13:40:41 INFO  no build target found for C:\labs\MAGISTER\1 course\TRPO\Lab-2-1\lab1\src\main\scala\my\scalafx\ScalaFXHelloWorld.scala. Using presentation compiler with project's scala-library version: 3.6.4
2025.04.09 13:40:41 INFO  no build target found for C:\labs\MAGISTER\1 course\TRPO\Lab-2-1\lab1\src\main\scala\my\scalafx\ScalaFXHelloWorld.scala. Using presentation compiler with project's scala-library version: 3.6.4
2025.04.09 13:40:41 INFO  no build target found for C:\labs\MAGISTER\1 course\TRPO\Lab-2-1\lab1\src\main\scala\my\scalafx\ScalaFXHelloWorld.scala. Using presentation compiler with project's scala-library version: 3.6.4
2025.04.09 13:40:41 INFO  no build target found for C:\labs\MAGISTER\1 course\TRPO\Lab-2-1\lab1\src\main\scala\my\scalafx\ScalaFXHelloWorld.scala. Using presentation compiler with project's scala-library version: 3.6.4
2025.04.09 13:40:41 INFO  no build target found for C:\labs\MAGISTER\1 course\TRPO\Lab-2-1\lab1\src\main\scala\my\scalafx\ScalaFXHelloWorld.scala. Using presentation compiler with project's scala-library version: 3.6.4
2025.04.09 13:40:41 INFO  no build target found for C:\labs\MAGISTER\1 course\TRPO\Lab-2-1\lab1\src\main\scala\my\scalafx\ScalaFXHelloWorld.scala. Using presentation compiler with project's scala-library version: 3.6.4
2025.04.09 13:40:42 INFO  no build target found for C:\labs\MAGISTER\1 course\TRPO\Lab-2-1\lab1\src\main\scala\my\scalafx\ScalaFXHelloWorld.scala. Using presentation compiler with project's scala-library version: 3.6.4
2025.04.09 13:40:43 INFO  no build target found for C:\labs\MAGISTER\1 course\TRPO\Lab-2-1\lab1\src\main\scala\my\scalafx\ScalaFXHelloWorld.scala. Using presentation compiler with project's scala-library version: 3.6.4
2025.04.09 13:40:43 INFO  no build target found for C:\labs\MAGISTER\1 course\TRPO\Lab-2-1\lab1\src\main\scala\my\scalafx\ScalaFXHelloWorld.scala. Using presentation compiler with project's scala-library version: 3.6.4
2025.04.09 13:40:44 INFO  no build target found for C:\labs\MAGISTER\1 course\TRPO\Lab-2-1\lab1\src\main\scala\my\scalafx\ScalaFXHelloWorld.scala. Using presentation compiler with project's scala-library version: 3.6.4
2025.04.09 13:40:44 INFO  no build target found for C:\labs\MAGISTER\1 course\TRPO\Lab-2-1\lab1\src\main\scala\my\scalafx\ScalaFXHelloWorld.scala. Using presentation compiler with project's scala-library version: 3.6.4
2025.04.09 13:40:44 INFO  no build target found for C:\labs\MAGISTER\1 course\TRPO\Lab-2-1\lab1\src\main\scala\my\scalafx\ScalaFXHelloWorld.scala. Using presentation compiler with project's scala-library version: 3.6.4
2025.04.09 13:40:44 INFO  no build target found for C:\labs\MAGISTER\1 course\TRPO\Lab-2-1\lab1\src\main\scala\my\scalafx\ScalaFXHelloWorld.scala. Using presentation compiler with project's scala-library version: 3.6.4
2025.04.09 13:40:44 INFO  no build target found for C:\labs\MAGISTER\1 course\TRPO\Lab-2-1\lab1\src\main\scala\my\scalafx\ScalaFXHelloWorld.scala. Using presentation compiler with project's scala-library version: 3.6.4
2025.04.09 13:40:44 INFO  no build target found for C:\labs\MAGISTER\1 course\TRPO\Lab-2-1\lab1\src\main\scala\my\scalafx\ScalaFXHelloWorld.scala. Using presentation compiler with project's scala-library version: 3.6.4
2025.04.09 13:40:44 INFO  no build target found for C:\labs\MAGISTER\1 course\TRPO\Lab-2-1\lab1\src\main\scala\my\scalafx\ScalaFXHelloWorld.scala. Using presentation compiler with project's scala-library version: 3.6.4
2025.04.09 13:40:44 INFO  no build target found for C:\labs\MAGISTER\1 course\TRPO\Lab-2-1\lab1\src\main\scala\my\scalafx\ScalaFXHelloWorld.scala. Using presentation compiler with project's scala-library version: 3.6.4
2025.04.09 13:40:45 INFO  no build target found for C:\labs\MAGISTER\1 course\TRPO\Lab-2-1\lab1\src\main\scala\my\scalafx\ScalaFXHelloWorld.scala. Using presentation compiler with project's scala-library version: 3.6.4
2025.04.09 13:40:45 INFO  no build target found for C:\labs\MAGISTER\1 course\TRPO\Lab-2-1\lab1\src\main\scala\my\scalafx\ScalaFXHelloWorld.scala. Using presentation compiler with project's scala-library version: 3.6.4
2025.04.09 13:40:45 INFO  no build target found for C:\labs\MAGISTER\1 course\TRPO\Lab-2-1\lab1\src\main\scala\my\scalafx\ScalaFXHelloWorld.scala. Using presentation compiler with project's scala-library version: 3.6.4
2025.04.09 13:40:45 INFO  no build target found for C:\labs\MAGISTER\1 course\TRPO\Lab-2-1\lab1\src\main\scala\my\scalafx\ScalaFXHelloWorld.scala. Using presentation compiler with project's scala-library version: 3.6.4
2025.04.09 13:40:46 INFO  no build target found for C:\labs\MAGISTER\1 course\TRPO\Lab-2-1\lab1\src\main\scala\my\scalafx\ScalaFXHelloWorld.scala. Using presentation compiler with project's scala-library version: 3.6.4
2025.04.09 13:40:46 INFO  no build target found for C:\labs\MAGISTER\1 course\TRPO\Lab-2-1\lab1\src\main\scala\my\scalafx\ScalaFXHelloWorld.scala. Using presentation compiler with project's scala-library version: 3.6.4
2025.04.09 13:40:46 INFO  no build target found for C:\labs\MAGISTER\1 course\TRPO\Lab-2-1\lab1\src\main\scala\my\scalafx\ScalaFXHelloWorld.scala. Using presentation compiler with project's scala-library version: 3.6.4
2025.04.09 13:40:47 INFO  no build target found for C:\labs\MAGISTER\1 course\TRPO\Lab-2-1\lab1\src\main\scala\my\scalafx\ScalaFXHelloWorld.scala. Using presentation compiler with project's scala-library version: 3.6.4
2025.04.09 13:40:47 INFO  no build target found for C:\labs\MAGISTER\1 course\TRPO\Lab-2-1\lab1\src\main\scala\my\scalafx\ScalaFXHelloWorld.scala. Using presentation compiler with project's scala-library version: 3.6.4
2025.04.09 13:40:50 INFO  no build target found for C:\labs\MAGISTER\1 course\TRPO\Lab-2-1\lab1\src\main\scala\my\scalafx\ScalaFXHelloWorld.scala. Using presentation compiler with project's scala-library version: 3.6.4
2025.04.09 13:40:50 INFO  no build target found for C:\labs\MAGISTER\1 course\TRPO\Lab-2-1\lab1\src\main\scala\my\scalafx\ScalaFXHelloWorld.scala. Using presentation compiler with project's scala-library version: 3.6.4
2025.04.09 13:40:50 INFO  no build target found for C:\labs\MAGISTER\1 course\TRPO\Lab-2-1\lab1\src\main\scala\my\scalafx\ScalaFXHelloWorld.scala. Using presentation compiler with project's scala-library version: 3.6.4
2025.04.09 13:40:51 INFO  no build target found for C:\labs\MAGISTER\1 course\TRPO\Lab-2-1\lab1\src\main\scala\my\scalafx\ScalaFXHelloWorld.scala. Using presentation compiler with project's scala-library version: 3.6.4
2025.04.09 13:40:51 INFO  no build target found for C:\labs\MAGISTER\1 course\TRPO\Lab-2-1\lab1\src\main\scala\my\scalafx\ScalaFXHelloWorld.scala. Using presentation compiler with project's scala-library version: 3.6.4
2025.04.09 13:40:53 INFO  no build target found for C:\labs\MAGISTER\1 course\TRPO\Lab-2-1\lab1\src\main\scala\my\scalafx\ScalaFXHelloWorld.scala. Using presentation compiler with project's scala-library version: 3.6.4
2025.04.09 13:40:55 INFO  no build target found for C:\labs\MAGISTER\1 course\TRPO\Lab-2-1\lab1\src\main\scala\my\scalafx\ScalaFXHelloWorld.scala. Using presentation compiler with project's scala-library version: 3.6.4
2025.04.09 13:40:55 INFO  no build target found for C:\labs\MAGISTER\1 course\TRPO\Lab-2-1\lab1\src\main\scala\my\scalafx\ScalaFXHelloWorld.scala. Using presentation compiler with project's scala-library version: 3.6.4
2025.04.09 13:40:57 INFO  no build target found for C:\labs\MAGISTER\1 course\TRPO\Lab-2-1\lab1\src\main\scala\my\scalafx\ScalaFXHelloWorld.scala. Using presentation compiler with project's scala-library version: 3.6.4
2025.04.09 13:40:57 INFO  no build target found for C:\labs\MAGISTER\1 course\TRPO\Lab-2-1\lab1\src\main\scala\my\scalafx\ScalaFXHelloWorld.scala. Using presentation compiler with project's scala-library version: 3.6.4
2025.04.09 13:40:58 INFO  no build target found for C:\labs\MAGISTER\1 course\TRPO\Lab-2-1\lab1\src\main\scala\my\scalafx\ScalaFXHelloWorld.scala. Using presentation compiler with project's scala-library version: 3.6.4
2025.04.09 13:40:58 INFO  no build target found for C:\labs\MAGISTER\1 course\TRPO\Lab-2-1\lab1\src\main\scala\my\scalafx\ScalaFXHelloWorld.scala. Using presentation compiler with project's scala-library version: 3.6.4
2025.04.09 13:40:59 INFO  no build target found for C:\labs\MAGISTER\1 course\TRPO\Lab-2-1\lab1\src\main\scala\my\scalafx\ScalaFXHelloWorld.scala. Using presentation compiler with project's scala-library version: 3.6.4
2025.04.09 13:40:59 INFO  no build target found for C:\labs\MAGISTER\1 course\TRPO\Lab-2-1\lab1\src\main\scala\my\scalafx\ScalaFXHelloWorld.scala. Using presentation compiler with project's scala-library version: 3.6.4
2025.04.09 13:40:59 INFO  no build target found for C:\labs\MAGISTER\1 course\TRPO\Lab-2-1\lab1\src\main\scala\my\scalafx\ScalaFXHelloWorld.scala. Using presentation compiler with project's scala-library version: 3.6.4
2025.04.09 13:40:59 INFO  no build target found for C:\labs\MAGISTER\1 course\TRPO\Lab-2-1\lab1\src\main\scala\my\scalafx\ScalaFXHelloWorld.scala. Using presentation compiler with project's scala-library version: 3.6.4
2025.04.09 13:41:01 INFO  no build target found for C:\labs\MAGISTER\1 course\TRPO\Lab-2-1\lab1\src\main\scala\my\scalafx\ScalaFXHelloWorld.scala. Using presentation compiler with project's scala-library version: 3.6.4
2025.04.09 13:41:01 INFO  no build target found for C:\labs\MAGISTER\1 course\TRPO\Lab-2-1\lab1\src\main\scala\my\scalafx\ScalaFXHelloWorld.scala. Using presentation compiler with project's scala-library version: 3.6.4
2025.04.09 13:41:01 INFO  no build target found for C:\labs\MAGISTER\1 course\TRPO\Lab-2-1\lab1\src\main\scala\my\scalafx\ScalaFXHelloWorld.scala. Using presentation compiler with project's scala-library version: 3.6.4
2025.04.09 13:41:02 INFO  no build target found for C:\labs\MAGISTER\1 course\TRPO\Lab-2-1\lab1\src\main\scala\my\scalafx\ScalaFXHelloWorld.scala. Using presentation compiler with project's scala-library version: 3.6.4
2025.04.09 13:41:02 INFO  no build target found for C:\labs\MAGISTER\1 course\TRPO\Lab-2-1\lab1\src\main\scala\my\scalafx\ScalaFXHelloWorld.scala. Using presentation compiler with project's scala-library version: 3.6.4
2025.04.09 13:41:02 INFO  no build target found for C:\labs\MAGISTER\1 course\TRPO\Lab-2-1\lab1\src\main\scala\my\scalafx\ScalaFXHelloWorld.scala. Using presentation compiler with project's scala-library version: 3.6.4
2025.04.09 13:41:03 INFO  no build target found for C:\labs\MAGISTER\1 course\TRPO\Lab-2-1\lab1\src\main\scala\my\scalafx\ScalaFXHelloWorld.scala. Using presentation compiler with project's scala-library version: 3.6.4
2025.04.09 13:41:09 INFO  no build target found for C:\labs\MAGISTER\1 course\TRPO\Lab-2-1\lab1\src\main\scala\my\scalafx\ScalaFXHelloWorld.scala. Using presentation compiler with project's scala-library version: 3.6.4
2025.04.09 13:41:09 INFO  no build target found for C:\labs\MAGISTER\1 course\TRPO\Lab-2-1\lab1\src\main\scala\my\scalafx\ScalaFXHelloWorld.scala. Using presentation compiler with project's scala-library version: 3.6.4
2025.04.09 13:41:09 INFO  no build target found for C:\labs\MAGISTER\1 course\TRPO\Lab-2-1\lab1\src\main\scala\my\scalafx\ScalaFXHelloWorld.scala. Using presentation compiler with project's scala-library version: 3.6.4
2025.04.09 13:41:09 INFO  no build target found for C:\labs\MAGISTER\1 course\TRPO\Lab-2-1\lab1\src\main\scala\my\scalafx\ScalaFXHelloWorld.scala. Using presentation compiler with project's scala-library version: 3.6.4
2025.04.09 13:41:11 WARN  no build target for: C:\labs\MAGISTER\1 course\TRPO\Lab-2-1\lab1\src\main\scala\my\scalafx\ScalaFXHelloWorld.scala
2025.04.09 13:41:11 INFO  no build target found for C:\labs\MAGISTER\1 course\TRPO\Lab-2-1\lab1\src\main\scala\my\scalafx\ScalaFXHelloWorld.scala. Using presentation compiler with project's scala-library version: 3.6.4
2025.04.09 13:41:11 INFO  no build target found for C:\labs\MAGISTER\1 course\TRPO\Lab-2-1\lab1\src\main\scala\my\scalafx\ScalaFXHelloWorld.scala. Using presentation compiler with project's scala-library version: 3.6.4
2025.04.09 13:41:11 INFO  no build target found for C:\labs\MAGISTER\1 course\TRPO\Lab-2-1\lab1\src\main\scala\my\scalafx\ScalaFXHelloWorld.scala. Using presentation compiler with project's scala-library version: 3.6.4
2025.04.09 13:41:11 INFO  no build target found for C:\labs\MAGISTER\1 course\TRPO\Lab-2-1\lab1\src\main\scala\my\scalafx\ScalaFXHelloWorld.scala. Using presentation compiler with project's scala-library version: 3.6.4
2025.04.09 13:41:12 INFO  no build target found for C:\labs\MAGISTER\1 course\TRPO\Lab-2-1\lab1\src\main\scala\my\scalafx\ScalaFXHelloWorld.scala. Using presentation compiler with project's scala-library version: 3.6.4
2025.04.09 13:41:11 INFO  no build target found for C:\labs\MAGISTER\1 course\TRPO\Lab-2-1\lab1\src\main\scala\my\scalafx\ScalaFXHelloWorld.scala. Using presentation compiler with project's scala-library version: 3.6.4
2025.04.09 13:41:12 INFO  no build target found for C:\labs\MAGISTER\1 course\TRPO\Lab-2-1\lab1\src\main\scala\my\scalafx\ScalaFXHelloWorld.scala. Using presentation compiler with project's scala-library version: 3.6.4
2025.04.09 13:41:11 INFO  no build target found for C:\labs\MAGISTER\1 course\TRPO\Lab-2-1\lab1\src\main\scala\my\scalafx\ScalaFXHelloWorld.scala. Using presentation compiler with project's scala-library version: 3.6.4
2025.04.09 13:41:12 INFO  no build target found for C:\labs\MAGISTER\1 course\TRPO\Lab-2-1\lab1\src\main\scala\my\scalafx\ScalaFXHelloWorld.scala. Using presentation compiler with project's scala-library version: 3.6.4
2025.04.09 13:41:12 INFO  no build target found for C:\labs\MAGISTER\1 course\TRPO\Lab-2-1\lab1\src\main\scala\my\scalafx\ScalaFXHelloWorld.scala. Using presentation compiler with project's scala-library version: 3.6.4
2025.04.09 13:41:12 INFO  no build target found for C:\labs\MAGISTER\1 course\TRPO\Lab-2-1\lab1\src\main\scala\my\scalafx\ScalaFXHelloWorld.scala. Using presentation compiler with project's scala-library version: 3.6.4
2025.04.09 13:41:12 INFO  no build target found for C:\labs\MAGISTER\1 course\TRPO\Lab-2-1\lab1\src\main\scala\my\scalafx\ScalaFXHelloWorld.scala. Using presentation compiler with project's scala-library version: 3.6.4
2025.04.09 13:41:13 INFO  no build target found for C:\labs\MAGISTER\1 course\TRPO\Lab-2-1\lab1\src\main\scala\my\scalafx\ScalaFXHelloWorld.scala. Using presentation compiler with project's scala-library version: 3.6.4
2025.04.09 13:41:13 INFO  no build target found for C:\labs\MAGISTER\1 course\TRPO\Lab-2-1\lab1\src\main\scala\my\scalafx\ScalaFXHelloWorld.scala. Using presentation compiler with project's scala-library version: 3.6.4
2025.04.09 13:41:12 INFO  no build target found for C:\labs\MAGISTER\1 course\TRPO\Lab-2-1\lab1\src\main\scala\my\scalafx\ScalaFXHelloWorld.scala. Using presentation compiler with project's scala-library version: 3.6.4
2025.04.09 13:41:12 INFO  no build target found for C:\labs\MAGISTER\1 course\TRPO\Lab-2-1\lab1\src\main\scala\my\scalafx\ScalaFXHelloWorld.scala. Using presentation compiler with project's scala-library version: 3.6.4
2025.04.09 13:41:13 INFO  no build target found for C:\labs\MAGISTER\1 course\TRPO\Lab-2-1\lab1\src\main\scala\my\scalafx\ScalaFXHelloWorld.scala. Using presentation compiler with project's scala-library version: 3.6.4
2025.04.09 13:41:13 INFO  no build target found for C:\labs\MAGISTER\1 course\TRPO\Lab-2-1\lab1\src\main\scala\my\scalafx\ScalaFXHelloWorld.scala. Using presentation compiler with project's scala-library version: 3.6.4
2025.04.09 13:41:12 INFO  no build target found for C:\labs\MAGISTER\1 course\TRPO\Lab-2-1\lab1\src\main\scala\my\scalafx\ScalaFXHelloWorld.scala. Using presentation compiler with project's scala-library version: 3.6.4
апр. 09, 2025 1:41:13 PM org.eclipse.lsp4j.jsonrpc.RemoteEndpoint handleCancellation
WARNING: Unmatched cancel notification for request id 347
2025.04.09 13:41:13 INFO  no build target found for C:\labs\MAGISTER\1 course\TRPO\Lab-2-1\lab1\src\main\scala\my\scalafx\ScalaFXHelloWorld.scala. Using presentation compiler with project's scala-library version: 3.6.4
2025.04.09 13:41:13 INFO  no build target found for C:\labs\MAGISTER\1 course\TRPO\Lab-2-1\lab1\src\main\scala\my\scalafx\ScalaFXHelloWorld.scala. Using presentation compiler with project's scala-library version: 3.6.4
2025.04.09 13:41:13 INFO  no build target found for C:\labs\MAGISTER\1 course\TRPO\Lab-2-1\lab1\src\main\scala\my\scalafx\ScalaFXHelloWorld.scala. Using presentation compiler with project's scala-library version: 3.6.4
2025.04.09 13:41:13 INFO  no build target found for C:\labs\MAGISTER\1 course\TRPO\Lab-2-1\lab1\src\main\scala\my\scalafx\ScalaFXHelloWorld.scala. Using presentation compiler with project's scala-library version: 3.6.4
2025.04.09 13:41:13 INFO  no build target found for C:\labs\MAGISTER\1 course\TRPO\Lab-2-1\lab1\src\main\scala\my\scalafx\ScalaFXHelloWorld.scala. Using presentation compiler with project's scala-library version: 3.6.4
2025.04.09 13:41:14 INFO  no build target found for C:\labs\MAGISTER\1 course\TRPO\Lab-2-1\lab1\src\main\scala\my\scalafx\ScalaFXHelloWorld.scala. Using presentation compiler with project's scala-library version: 3.6.4
2025.04.09 13:41:13 INFO  no build target found for C:\labs\MAGISTER\1 course\TRPO\Lab-2-1\lab1\src\main\scala\my\scalafx\ScalaFXHelloWorld.scala. Using presentation compiler with project's scala-library version: 3.6.4
2025.04.09 13:41:14 INFO  no build target found for C:\labs\MAGISTER\1 course\TRPO\Lab-2-1\lab1\src\main\scala\my\scalafx\ScalaFXHelloWorld.scala. Using presentation compiler with project's scala-library version: 3.6.4
2025.04.09 13:41:14 INFO  no build target found for C:\labs\MAGISTER\1 course\TRPO\Lab-2-1\lab1\src\main\scala\my\scalafx\ScalaFXHelloWorld.scala. Using presentation compiler with project's scala-library version: 3.6.4
2025.04.09 13:41:15 INFO  no build target found for C:\labs\MAGISTER\1 course\TRPO\Lab-2-1\lab1\src\main\scala\my\scalafx\ScalaFXHelloWorld.scala. Using presentation compiler with project's scala-library version: 3.6.4
2025.04.09 13:41:15 INFO  no build target found for C:\labs\MAGISTER\1 course\TRPO\Lab-2-1\lab1\src\main\scala\my\scalafx\ScalaFXHelloWorld.scala. Using presentation compiler with project's scala-library version: 3.6.4
2025.04.09 13:41:15 INFO  no build target found for C:\labs\MAGISTER\1 course\TRPO\Lab-2-1\lab1\src\main\scala\my\scalafx\ScalaFXHelloWorld.scala. Using presentation compiler with project's scala-library version: 3.6.4
2025.04.09 13:41:14 INFO  no build target found for C:\labs\MAGISTER\1 course\TRPO\Lab-2-1\lab1\src\main\scala\my\scalafx\ScalaFXHelloWorld.scala. Using presentation compiler with project's scala-library version: 3.6.4
2025.04.09 13:41:14 INFO  no build target found for C:\labs\MAGISTER\1 course\TRPO\Lab-2-1\lab1\src\main\scala\my\scalafx\ScalaFXHelloWorld.scala. Using presentation compiler with project's scala-library version: 3.6.4
2025.04.09 13:41:15 INFO  no build target found for C:\labs\MAGISTER\1 course\TRPO\Lab-2-1\lab1\src\main\scala\my\scalafx\ScalaFXHelloWorld.scala. Using presentation compiler with project's scala-library version: 3.6.4
2025.04.09 13:41:16 INFO  no build target found for C:\labs\MAGISTER\1 course\TRPO\Lab-2-1\lab1\src\main\scala\my\scalafx\ScalaFXHelloWorld.scala. Using presentation compiler with project's scala-library version: 3.6.4
2025.04.09 13:41:16 INFO  no build target found for C:\labs\MAGISTER\1 course\TRPO\Lab-2-1\lab1\src\main\scala\my\scalafx\ScalaFXHelloWorld.scala. Using presentation compiler with project's scala-library version: 3.6.4
2025.04.09 13:41:16 INFO  no build target found for C:\labs\MAGISTER\1 course\TRPO\Lab-2-1\lab1\src\main\scala\my\scalafx\ScalaFXHelloWorld.scala. Using presentation compiler with project's scala-library version: 3.6.4
2025.04.09 13:41:16 INFO  no build target found for C:\labs\MAGISTER\1 course\TRPO\Lab-2-1\lab1\src\main\scala\my\scalafx\ScalaFXHelloWorld.scala. Using presentation compiler with project's scala-library version: 3.6.4
2025.04.09 13:41:16 INFO  no build target found for C:\labs\MAGISTER\1 course\TRPO\Lab-2-1\lab1\src\main\scala\my\scalafx\ScalaFXHelloWorld.scala. Using presentation compiler with project's scala-library version: 3.6.4
2025.04.09 13:41:16 WARN  no build target for: C:\labs\MAGISTER\1 course\TRPO\Lab-2-1\lab1\src\main\scala\my\scalafx\ScalaFXHelloWorld.scala
2025.04.09 13:41:16 INFO  no build target found for C:\labs\MAGISTER\1 course\TRPO\Lab-2-1\lab1\src\main\scala\my\scalafx\ScalaFXHelloWorld.scala. Using presentation compiler with project's scala-library version: 3.6.4
2025.04.09 13:41:17 INFO  no build target found for C:\labs\MAGISTER\1 course\TRPO\Lab-2-1\lab1\src\main\scala\my\scalafx\ScalaFXHelloWorld.scala. Using presentation compiler with project's scala-library version: 3.6.4
2025.04.09 13:41:17 INFO  no build target found for C:\labs\MAGISTER\1 course\TRPO\Lab-2-1\lab1\src\main\scala\my\scalafx\ScalaFXHelloWorld.scala. Using presentation compiler with project's scala-library version: 3.6.4
2025.04.09 13:41:17 INFO  no build target found for C:\labs\MAGISTER\1 course\TRPO\Lab-2-1\lab1\src\main\scala\my\scalafx\ScalaFXHelloWorld.scala. Using presentation compiler with project's scala-library version: 3.6.4
2025.04.09 13:41:17 INFO  no build target found for C:\labs\MAGISTER\1 course\TRPO\Lab-2-1\lab1\src\main\scala\my\scalafx\ScalaFXHelloWorld.scala. Using presentation compiler with project's scala-library version: 3.6.4
2025.04.09 13:41:17 INFO  no build target found for C:\labs\MAGISTER\1 course\TRPO\Lab-2-1\lab1\src\main\scala\my\scalafx\ScalaFXHelloWorld.scala. Using presentation compiler with project's scala-library version: 3.6.4
2025.04.09 13:41:18 INFO  no build target found for C:\labs\MAGISTER\1 course\TRPO\Lab-2-1\lab1\src\main\scala\my\scalafx\ScalaFXHelloWorld.scala. Using presentation compiler with project's scala-library version: 3.6.4
2025.04.09 13:41:18 INFO  no build target found for C:\labs\MAGISTER\1 course\TRPO\Lab-2-1\lab1\src\main\scala\my\scalafx\ScalaFXHelloWorld.scala. Using presentation compiler with project's scala-library version: 3.6.4
2025.04.09 13:41:18 INFO  no build target found for C:\labs\MAGISTER\1 course\TRPO\Lab-2-1\lab1\src\main\scala\my\scalafx\ScalaFXHelloWorld.scala. Using presentation compiler with project's scala-library version: 3.6.4
2025.04.09 13:41:18 INFO  no build target found for C:\labs\MAGISTER\1 course\TRPO\Lab-2-1\lab1\src\main\scala\my\scalafx\ScalaFXHelloWorld.scala. Using presentation compiler with project's scala-library version: 3.6.4
2025.04.09 13:41:18 INFO  no build target found for C:\labs\MAGISTER\1 course\TRPO\Lab-2-1\lab1\src\main\scala\my\scalafx\ScalaFXHelloWorld.scala. Using presentation compiler with project's scala-library version: 3.6.4
2025.04.09 13:41:18 INFO  no build target found for C:\labs\MAGISTER\1 course\TRPO\Lab-2-1\lab1\src\main\scala\my\scalafx\ScalaFXHelloWorld.scala. Using presentation compiler with project's scala-library version: 3.6.4
2025.04.09 13:41:18 INFO  no build target found for C:\labs\MAGISTER\1 course\TRPO\Lab-2-1\lab1\src\main\scala\my\scalafx\ScalaFXHelloWorld.scala. Using presentation compiler with project's scala-library version: 3.6.4
2025.04.09 13:41:18 INFO  no build target found for C:\labs\MAGISTER\1 course\TRPO\Lab-2-1\lab1\src\main\scala\my\scalafx\ScalaFXHelloWorld.scala. Using presentation compiler with project's scala-library version: 3.6.4
2025.04.09 13:41:18 INFO  no build target found for C:\labs\MAGISTER\1 course\TRPO\Lab-2-1\lab1\src\main\scala\my\scalafx\ScalaFXHelloWorld.scala. Using presentation compiler with project's scala-library version: 3.6.4
2025.04.09 13:41:18 INFO  no build target found for C:\labs\MAGISTER\1 course\TRPO\Lab-2-1\lab1\src\main\scala\my\scalafx\ScalaFXHelloWorld.scala. Using presentation compiler with project's scala-library version: 3.6.4
2025.04.09 13:41:18 INFO  no build target found for C:\labs\MAGISTER\1 course\TRPO\Lab-2-1\lab1\src\main\scala\my\scalafx\ScalaFXHelloWorld.scala. Using presentation compiler with project's scala-library version: 3.6.4
2025.04.09 13:41:19 INFO  no build target found for C:\labs\MAGISTER\1 course\TRPO\Lab-2-1\lab1\src\main\scala\my\scalafx\ScalaFXHelloWorld.scala. Using presentation compiler with project's scala-library version: 3.6.4
2025.04.09 13:41:19 INFO  no build target found for C:\labs\MAGISTER\1 course\TRPO\Lab-2-1\lab1\src\main\scala\my\scalafx\ScalaFXHelloWorld.scala. Using presentation compiler with project's scala-library version: 3.6.4
2025.04.09 13:41:19 INFO  no build target found for C:\labs\MAGISTER\1 course\TRPO\Lab-2-1\lab1\src\main\scala\my\scalafx\ScalaFXHelloWorld.scala. Using presentation compiler with project's scala-library version: 3.6.4
2025.04.09 13:41:19 INFO  no build target found for C:\labs\MAGISTER\1 course\TRPO\Lab-2-1\lab1\src\main\scala\my\scalafx\ScalaFXHelloWorld.scala. Using presentation compiler with project's scala-library version: 3.6.4
2025.04.09 13:41:20 WARN  no build target for: C:\labs\MAGISTER\1 course\TRPO\Lab-2-1\lab1\src\main\scala\my\scalafx\ScalaFXHelloWorld.scala
2025.04.09 13:41:20 INFO  no build target found for C:\labs\MAGISTER\1 course\TRPO\Lab-2-1\lab1\src\main\scala\my\scalafx\ScalaFXHelloWorld.scala. Using presentation compiler with project's scala-library version: 3.6.4
2025.04.09 13:41:20 INFO  no build target found for C:\labs\MAGISTER\1 course\TRPO\Lab-2-1\lab1\src\main\scala\my\scalafx\ScalaFXHelloWorld.scala. Using presentation compiler with project's scala-library version: 3.6.4
2025.04.09 13:41:20 INFO  no build target found for C:\labs\MAGISTER\1 course\TRPO\Lab-2-1\lab1\src\main\scala\my\scalafx\ScalaFXHelloWorld.scala. Using presentation compiler with project's scala-library version: 3.6.4
2025.04.09 13:41:20 INFO  no build target found for C:\labs\MAGISTER\1 course\TRPO\Lab-2-1\lab1\src\main\scala\my\scalafx\ScalaFXHelloWorld.scala. Using presentation compiler with project's scala-library version: 3.6.4
2025.04.09 13:41:44 INFO  no build target found for C:\labs\MAGISTER\1 course\TRPO\Lab-2-1\lab1\src\main\scala\my\scalafx\ScalaFXHelloWorld.scala. Using presentation compiler with project's scala-library version: 3.6.4
2025.04.09 13:41:44 INFO  no build target found for C:\labs\MAGISTER\1 course\TRPO\Lab-2-1\lab1\src\main\scala\my\scalafx\ScalaFXHelloWorld.scala. Using presentation compiler with project's scala-library version: 3.6.4
2025.04.09 13:41:51 INFO  no build target found for C:\labs\MAGISTER\1 course\TRPO\Lab-2-1\lab1\src\main\scala\my\scalafx\ScalaFXHelloWorld.scala. Using presentation compiler with project's scala-library version: 3.6.4
2025.04.09 13:41:52 INFO  no build target found for C:\labs\MAGISTER\1 course\TRPO\Lab-2-1\lab1\src\main\scala\my\scalafx\ScalaFXHelloWorld.scala. Using presentation compiler with project's scala-library version: 3.6.4
2025.04.09 13:41:53 INFO  no build target found for C:\labs\MAGISTER\1 course\TRPO\Lab-2-1\lab1\src\main\scala\my\scalafx\ScalaFXHelloWorld.scala. Using presentation compiler with project's scala-library version: 3.6.4
2025.04.09 13:41:53 INFO  no build target found for C:\labs\MAGISTER\1 course\TRPO\Lab-2-1\lab1\src\main\scala\my\scalafx\ScalaFXHelloWorld.scala. Using presentation compiler with project's scala-library version: 3.6.4
2025.04.09 13:41:53 INFO  no build target found for C:\labs\MAGISTER\1 course\TRPO\Lab-2-1\lab1\src\main\scala\my\scalafx\ScalaFXHelloWorld.scala. Using presentation compiler with project's scala-library version: 3.6.4
2025.04.09 13:41:55 INFO  no build target found for C:\labs\MAGISTER\1 course\TRPO\Lab-2-1\lab1\src\main\scala\my\scalafx\ScalaFXHelloWorld.scala. Using presentation compiler with project's scala-library version: 3.6.4
2025.04.09 13:41:55 INFO  no build target found for C:\labs\MAGISTER\1 course\TRPO\Lab-2-1\lab1\src\main\scala\my\scalafx\ScalaFXHelloWorld.scala. Using presentation compiler with project's scala-library version: 3.6.4
2025.04.09 13:41:55 INFO  no build target found for C:\labs\MAGISTER\1 course\TRPO\Lab-2-1\lab1\src\main\scala\my\scalafx\ScalaFXHelloWorld.scala. Using presentation compiler with project's scala-library version: 3.6.4
2025.04.09 13:41:56 INFO  no build target found for C:\labs\MAGISTER\1 course\TRPO\Lab-2-1\lab1\src\main\scala\my\scalafx\ScalaFXHelloWorld.scala. Using presentation compiler with project's scala-library version: 3.6.4
2025.04.09 13:41:57 INFO  no build target found for C:\labs\MAGISTER\1 course\TRPO\Lab-2-1\lab1\src\main\scala\my\scalafx\ScalaFXHelloWorld.scala. Using presentation compiler with project's scala-library version: 3.6.4
2025.04.09 13:41:59 INFO  no build target found for C:\labs\MAGISTER\1 course\TRPO\Lab-2-1\lab1\src\main\scala\my\scalafx\ScalaFXHelloWorld.scala. Using presentation compiler with project's scala-library version: 3.6.4
2025.04.09 13:41:59 INFO  no build target found for C:\labs\MAGISTER\1 course\TRPO\Lab-2-1\lab1\src\main\scala\my\scalafx\ScalaFXHelloWorld.scala. Using presentation compiler with project's scala-library version: 3.6.4
2025.04.09 13:41:59 INFO  no build target found for C:\labs\MAGISTER\1 course\TRPO\Lab-2-1\lab1\src\main\scala\my\scalafx\ScalaFXHelloWorld.scala. Using presentation compiler with project's scala-library version: 3.6.4
2025.04.09 13:41:59 INFO  no build target found for C:\labs\MAGISTER\1 course\TRPO\Lab-2-1\lab1\src\main\scala\my\scalafx\ScalaFXHelloWorld.scala. Using presentation compiler with project's scala-library version: 3.6.4
2025.04.09 13:42:00 INFO  no build target found for C:\labs\MAGISTER\1 course\TRPO\Lab-2-1\lab1\src\main\scala\my\scalafx\ScalaFXHelloWorld.scala. Using presentation compiler with project's scala-library version: 3.6.4
апр. 09, 2025 1:42:00 PM scala.meta.internal.metals.StdReporter $anonfun$create$1
WARNING: empty definition using pc, found symbol in pc: `<none>`. (full report at: C:\labs\MAGISTER\1 course\TRPO\Lab-2-1\.metals\.reports\metals-full\2025-04-09\r_empty-definition_13-39-13-827.md)
2025.04.09 13:42:00 INFO  no build target found for C:\labs\MAGISTER\1 course\TRPO\Lab-2-1\lab1\src\main\scala\my\scalafx\ScalaFXHelloWorld.scala. Using presentation compiler with project's scala-library version: 3.6.4
2025.04.09 13:42:00 INFO  no build target found for C:\labs\MAGISTER\1 course\TRPO\Lab-2-1\lab1\src\main\scala\my\scalafx\ScalaFXHelloWorld.scala. Using presentation compiler with project's scala-library version: 3.6.4
2025.04.09 13:41:59 INFO  no build target found for C:\labs\MAGISTER\1 course\TRPO\Lab-2-1\lab1\src\main\scala\my\scalafx\ScalaFXHelloWorld.scala. Using presentation compiler with project's scala-library version: 3.6.4
2025.04.09 13:42:01 INFO  no build target found for C:\labs\MAGISTER\1 course\TRPO\Lab-2-1\lab1\src\main\scala\my\scalafx\ScalaFXHelloWorld.scala. Using presentation compiler with project's scala-library version: 3.6.4
2025.04.09 13:42:01 WARN  no build target for: C:\labs\MAGISTER\1 course\TRPO\Lab-2-1\lab1\src\main\scala\my\scalafx\ScalaFXHelloWorld.scala
2025.04.09 13:42:01 INFO  no build target found for C:\labs\MAGISTER\1 course\TRPO\Lab-2-1\lab1\src\main\scala\my\scalafx\ScalaFXHelloWorld.scala. Using presentation compiler with project's scala-library version: 3.6.4
2025.04.09 13:42:02 INFO  no build target found for C:\labs\MAGISTER\1 course\TRPO\Lab-2-1\lab1\src\main\scala\my\scalafx\ScalaFXHelloWorld.scala. Using presentation compiler with project's scala-library version: 3.6.4
Exception in thread "pool-148-thread-1" java.lang.InterruptedException
	at scala.meta.internal.metals.FutureCancelToken.checkCanceled(FutureCancelToken.scala:29)
	at scala.meta.internal.pc.CompilerAccess.onCompilerJobQueue$$anonfun$1(CompilerAccess.scala:244)
	at scala.meta.internal.pc.CompilerJobQueue$Job.run(CompilerJobQueue.scala:153)
	at java.base/java.util.concurrent.ThreadPoolExecutor.runWorker(ThreadPoolExecutor.java:1136)
	at java.base/java.util.concurrent.ThreadPoolExecutor$Worker.run(ThreadPoolExecutor.java:635)
	at java.base/java.lang.Thread.run(Thread.java:840)
2025.04.09 13:42:07 INFO  no build target found for C:\labs\MAGISTER\1 course\TRPO\Lab-2-1\lab1\src\main\scala\my\scalafx\ScalaFXHelloWorld.scala. Using presentation compiler with project's scala-library version: 3.6.4
2025.04.09 13:42:07 INFO  no build target found for C:\labs\MAGISTER\1 course\TRPO\Lab-2-1\lab1\src\main\scala\my\scalafx\ScalaFXHelloWorld.scala. Using presentation compiler with project's scala-library version: 3.6.4
Exception in thread "pool-150-thread-1" java.lang.InterruptedException
	at scala.meta.internal.metals.FutureCancelToken.checkCanceled(FutureCancelToken.scala:29)
	at scala.meta.internal.pc.CompilerAccess.onCompilerJobQueue$$anonfun$1(CompilerAccess.scala:244)
	at scala.meta.internal.pc.CompilerJobQueue$Job.run(CompilerJobQueue.scala:153)
	at java.base/java.util.concurrent.ThreadPoolExecutor.runWorker(ThreadPoolExecutor.java:1136)
	at java.base/java.util.concurrent.ThreadPoolExecutor$Worker.run(ThreadPoolExecutor.java:635)
	at java.base/java.lang.Thread.run(Thread.java:840)
2025.04.09 13:42:08 INFO  no build target found for C:\labs\MAGISTER\1 course\TRPO\Lab-2-1\lab1\src\main\scala\my\scalafx\ScalaFXHelloWorld.scala. Using presentation compiler with project's scala-library version: 3.6.4
2025.04.09 13:42:12 INFO  no build target found for C:\labs\MAGISTER\1 course\TRPO\Lab-2-1\lab1\src\main\scala\my\scalafx\ScalaFXHelloWorld.scala. Using presentation compiler with project's scala-library version: 3.6.4
2025.04.09 13:42:18 INFO  no build target found for C:\labs\MAGISTER\1 course\TRPO\Lab-2-1\lab1\src\main\scala\my\scalafx\ScalaFXHelloWorld.scala. Using presentation compiler with project's scala-library version: 3.6.4
2025.04.09 13:42:19 INFO  no build target found for C:\labs\MAGISTER\1 course\TRPO\Lab-2-1\lab1\src\main\scala\my\scalafx\Fraction.scala. Using presentation compiler with project's scala-library version: 3.6.4
2025.04.09 13:42:19 WARN  no build target for: C:\labs\MAGISTER\1 course\TRPO\Lab-2-1\lab1\src\main\scala\my\scalafx\Fraction.scala
2025.04.09 13:42:20 INFO  no build target found for C:\labs\MAGISTER\1 course\TRPO\Lab-2-1\lab1\src\main\scala\my\scalafx\Fraction.scala. Using presentation compiler with project's scala-library version: 3.6.4
2025.04.09 13:42:22 INFO  no build target found for C:\labs\MAGISTER\1 course\TRPO\Lab-2-1\lab1\src\main\scala\my\scalafx\Fraction.scala. Using presentation compiler with project's scala-library version: 3.6.4
2025.04.09 13:42:22 INFO  no build target found for C:\labs\MAGISTER\1 course\TRPO\Lab-2-1\lab1\src\main\scala\my\scalafx\Fraction.scala. Using presentation compiler with project's scala-library version: 3.6.4
2025.04.09 13:42:23 INFO  no build target found for C:\labs\MAGISTER\1 course\TRPO\Lab-2-1\lab1\src\main\scala\my\scalafx\Fraction.scala. Using presentation compiler with project's scala-library version: 3.6.4
2025.04.09 13:42:23 INFO  no build target found for C:\labs\MAGISTER\1 course\TRPO\Lab-2-1\lab1\src\main\scala\my\scalafx\Fraction.scala. Using presentation compiler with project's scala-library version: 3.6.4
2025.04.09 13:42:24 INFO  no build target found for C:\labs\MAGISTER\1 course\TRPO\Lab-2-1\lab1\src\main\scala\my\scalafx\Fraction.scala. Using presentation compiler with project's scala-library version: 3.6.4
2025.04.09 13:42:24 INFO  no build target found for C:\labs\MAGISTER\1 course\TRPO\Lab-2-1\lab1\src\main\scala\my\scalafx\Fraction.scala. Using presentation compiler with project's scala-library version: 3.6.4
2025.04.09 13:42:33 INFO  no build target found for C:\labs\MAGISTER\1 course\TRPO\Lab-2-1\lab1\src\main\scala\my\scalafx\Fraction.scala. Using presentation compiler with project's scala-library version: 3.6.4
2025.04.09 13:42:33 INFO  no build target found for C:\labs\MAGISTER\1 course\TRPO\Lab-2-1\lab1\src\main\scala\my\scalafx\Fraction.scala. Using presentation compiler with project's scala-library version: 3.6.4
2025.04.09 13:42:34 INFO  no build target found for C:\labs\MAGISTER\1 course\TRPO\Lab-2-1\lab1\src\main\scala\my\scalafx\Fraction.scala. Using presentation compiler with project's scala-library version: 3.6.4
2025.04.09 13:42:34 INFO  no build target found for C:\labs\MAGISTER\1 course\TRPO\Lab-2-1\lab1\src\main\scala\my\scalafx\Fraction.scala. Using presentation compiler with project's scala-library version: 3.6.4
2025.04.09 13:42:34 INFO  no build target found for C:\labs\MAGISTER\1 course\TRPO\Lab-2-1\lab1\src\main\scala\my\scalafx\Fraction.scala. Using presentation compiler with project's scala-library version: 3.6.4
2025.04.09 13:42:34 INFO  no build target found for C:\labs\MAGISTER\1 course\TRPO\Lab-2-1\lab1\src\main\scala\my\scalafx\Fraction.scala. Using presentation compiler with project's scala-library version: 3.6.4
2025.04.09 13:42:33 INFO  no build target found for C:\labs\MAGISTER\1 course\TRPO\Lab-2-1\lab1\src\main\scala\my\scalafx\Fraction.scala. Using presentation compiler with project's scala-library version: 3.6.4
2025.04.09 13:42:34 INFO  no build target found for C:\labs\MAGISTER\1 course\TRPO\Lab-2-1\lab1\src\main\scala\my\scalafx\Fraction.scala. Using presentation compiler with project's scala-library version: 3.6.4
2025.04.09 13:42:34 INFO  no build target found for C:\labs\MAGISTER\1 course\TRPO\Lab-2-1\lab1\src\main\scala\my\scalafx\Fraction.scala. Using presentation compiler with project's scala-library version: 3.6.4
апр. 09, 2025 1:42:34 PM scala.meta.internal.metals.StdReporter $anonfun$create$1
WARNING: empty definition using pc, found symbol in pc: `<none>`. (full report at: C:\labs\MAGISTER\1 course\TRPO\Lab-2-1\.metals\.reports\metals-full\2025-04-09\r_empty-definition_13-39-13-827.md)
2025.04.09 13:42:34 WARN  no build target for: C:\labs\MAGISTER\1 course\TRPO\Lab-2-1\lab1\src\main\scala\my\scalafx\Fraction.scala
2025.04.09 13:42:34 INFO  no build target found for C:\labs\MAGISTER\1 course\TRPO\Lab-2-1\lab1\src\main\scala\my\scalafx\Fraction.scala. Using presentation compiler with project's scala-library version: 3.6.4
2025.04.09 13:42:39 INFO  no build target found for C:\labs\MAGISTER\1 course\TRPO\Lab-2-1\lab1\build.sbt. Using presentation compiler with project's scala-library version: 3.6.4
2025.04.09 13:42:39 WARN  no build target for: C:\labs\MAGISTER\1 course\TRPO\Lab-2-1\lab1\build.sbt
2025.04.09 13:42:39 INFO  no build target found for C:\labs\MAGISTER\1 course\TRPO\Lab-2-1\lab1\build.sbt. Using presentation compiler with project's scala-library version: 3.6.4
2025.04.09 13:42:39 INFO  no build target found for C:\labs\MAGISTER\1 course\TRPO\Lab-2-1\lab1\build.sbt. Using presentation compiler with project's scala-library version: 3.6.4
2025.04.09 13:42:39 WARN  Could not find semantic tokens for: file:///C:/labs/MAGISTER/1%20course/TRPO/Lab-2-1/lab1/build.sbt
2025.04.09 13:42:39 INFO  no build target found for C:\labs\MAGISTER\1 course\TRPO\Lab-2-1\lab1\build.sbt. Using presentation compiler with project's scala-library version: 3.6.4
2025.04.09 13:42:39 WARN  Could not find semantic tokens for: file:///C:/labs/MAGISTER/1%20course/TRPO/Lab-2-1/lab1/build.sbt
2025.04.09 13:42:44 INFO  no build target found for C:\labs\MAGISTER\1 course\TRPO\Lab-2-1\lab1\src\main\scala\my\scalafx\Fraction.scala. Using presentation compiler with project's scala-library version: 3.6.4
2025.04.09 13:42:44 WARN  no build target for: C:\labs\MAGISTER\1 course\TRPO\Lab-2-1\lab1\src\main\scala\my\scalafx\Fraction.scala
2025.04.09 13:42:44 INFO  no build target found for C:\labs\MAGISTER\1 course\TRPO\Lab-2-1\lab1\src\main\scala\my\scalafx\Fraction.scala. Using presentation compiler with project's scala-library version: 3.6.4
2025.04.09 13:42:44 INFO  no build target found for C:\labs\MAGISTER\1 course\TRPO\Lab-2-1\lab1\src\main\scala\my\scalafx\Fraction.scala. Using presentation compiler with project's scala-library version: 3.6.4
2025.04.09 13:42:47 INFO  no build target found for C:\labs\MAGISTER\1 course\TRPO\Lab-2-1\lab1\src\main\scala\my\scalafx\ScalaFXHelloWorld.scala. Using presentation compiler with project's scala-library version: 3.6.4
2025.04.09 13:42:47 WARN  no build target for: C:\labs\MAGISTER\1 course\TRPO\Lab-2-1\lab1\src\main\scala\my\scalafx\ScalaFXHelloWorld.scala
2025.04.09 13:42:47 INFO  no build target found for C:\labs\MAGISTER\1 course\TRPO\Lab-2-1\lab1\src\main\scala\my\scalafx\ScalaFXHelloWorld.scala. Using presentation compiler with project's scala-library version: 3.6.4
2025.04.09 13:42:47 INFO  no build target found for C:\labs\MAGISTER\1 course\TRPO\Lab-2-1\lab1\src\main\scala\my\scalafx\ScalaFXHelloWorld.scala. Using presentation compiler with project's scala-library version: 3.6.4
2025.04.09 13:43:02 INFO  no build target found for C:\labs\MAGISTER\1 course\TRPO\Lab-2-1\lab1\build.sbt. Using presentation compiler with project's scala-library version: 3.6.4
2025.04.09 13:43:02 WARN  no build target for: C:\labs\MAGISTER\1 course\TRPO\Lab-2-1\lab1\build.sbt
2025.04.09 13:43:02 INFO  no build target found for C:\labs\MAGISTER\1 course\TRPO\Lab-2-1\lab1\build.sbt. Using presentation compiler with project's scala-library version: 3.6.4
2025.04.09 13:43:02 WARN  Could not find semantic tokens for: file:///C:/labs/MAGISTER/1%20course/TRPO/Lab-2-1/lab1/build.sbt
2025.04.09 13:43:02 INFO  no build target found for C:\labs\MAGISTER\1 course\TRPO\Lab-2-1\lab1\build.sbt. Using presentation compiler with project's scala-library version: 3.6.4
2025.04.09 13:43:02 INFO  no build target found for C:\labs\MAGISTER\1 course\TRPO\Lab-2-1\lab1\build.sbt. Using presentation compiler with project's scala-library version: 3.6.4
2025.04.09 13:43:08 INFO  no build target found for C:\labs\MAGISTER\1 course\TRPO\Lab-2-1\lab1\build.sbt. Using presentation compiler with project's scala-library version: 3.6.4
2025.04.09 13:43:08 INFO  no build target found for C:\labs\MAGISTER\1 course\TRPO\Lab-2-1\lab1\build.sbt. Using presentation compiler with project's scala-library version: 3.6.4
2025.04.09 13:43:08 INFO  no build target found for C:\labs\MAGISTER\1 course\TRPO\Lab-2-1\lab1\build.sbt. Using presentation compiler with project's scala-library version: 3.6.4
2025.04.09 13:43:59 INFO  no build target found for C:\labs\MAGISTER\1 course\TRPO\Lab-2-1\lab1\build.sbt. Using presentation compiler with project's scala-library version: 3.6.4
2025.04.09 13:44:00 INFO  no build target found for C:\labs\MAGISTER\1 course\TRPO\Lab-2-1\lab1\src\main\scala\my\scalafx\ScalaFXHelloWorld.scala. Using presentation compiler with project's scala-library version: 3.6.4
2025.04.09 13:44:00 WARN  no build target for: C:\labs\MAGISTER\1 course\TRPO\Lab-2-1\lab1\src\main\scala\my\scalafx\ScalaFXHelloWorld.scala
2025.04.09 13:44:00 INFO  no build target found for C:\labs\MAGISTER\1 course\TRPO\Lab-2-1\lab1\src\main\scala\my\scalafx\ScalaFXHelloWorld.scala. Using presentation compiler with project's scala-library version: 3.6.4
2025.04.09 13:44:00 INFO  no build target found for C:\labs\MAGISTER\1 course\TRPO\Lab-2-1\lab1\src\main\scala\my\scalafx\ScalaFXHelloWorld.scala. Using presentation compiler with project's scala-library version: 3.6.4
2025.04.09 13:44:09 INFO  Shutting down server
2025.04.09 13:44:09 INFO  shutting down Metals
2025.04.09 13:44:09 INFO  BSP server: Apr 09, 2025 1:44:09 PM org.eclipse.lsp4j.jsonrpc.RemoteEndpoint handleNotification
2025.04.09 13:44:09 INFO  BSP server: WARNING: Notification threw an exception: {
2025.04.09 13:44:09 INFO  BSP server:   "jsonrpc": "2.0",
2025.04.09 13:44:09 INFO  BSP server:   "method": "build/exit",
2025.04.09 13:44:09 INFO  BSP server:   "params": null
2025.04.09 13:44:09 INFO  BSP server: }
2025.04.09 13:44:09 INFO  BSP server: java.lang.RuntimeException: java.lang.reflect.InvocationTargetException
2025.04.09 13:44:09 INFO  BSP server: 	at org.eclipse.lsp4j.jsonrpc.services.GenericEndpoint.lambda$null$0(GenericEndpoint.java:67)
2025.04.09 13:44:09 INFO  BSP server: 	at org.eclipse.lsp4j.jsonrpc.services.GenericEndpoint.notify(GenericEndpoint.java:152)
2025.04.09 13:44:09 INFO  BSP server: 	at org.eclipse.lsp4j.jsonrpc.RemoteEndpoint.handleNotification(RemoteEndpoint.java:220)
2025.04.09 13:44:09 INFO  BSP server: 	at org.eclipse.lsp4j.jsonrpc.RemoteEndpoint.consume(RemoteEndpoint.java:187)
2025.04.09 13:44:09 INFO  BSP server: 	at org.eclipse.lsp4j.jsonrpc.json.StreamMessageProducer.handleMessage(StreamMessageProducer.java:194)
2025.04.09 13:44:09 INFO  BSP server: 	at org.eclipse.lsp4j.jsonrpc.json.StreamMessageProducer.listen(StreamMessageProducer.java:94)
2025.04.09 13:44:09 INFO  BSP server: 	at org.eclipse.lsp4j.jsonrpc.json.ConcurrentMessageProcessor.run(ConcurrentMessageProcessor.java:113)
2025.04.09 13:44:09 INFO  BSP server: 	at java.base@17.0.6/java.util.concurrent.Executors$RunnableAdapter.call(Executors.java:539)
2025.04.09 13:44:09 INFO  BSP server: 	at java.base@17.0.6/java.util.concurrent.FutureTask.run(FutureTask.java:264)
2025.04.09 13:44:09 INFO  BSP server: 	at java.base@17.0.6/java.util.concurrent.ThreadPoolExecutor.runWorker(ThreadPoolExecutor.java:1136)
2025.04.09 13:44:09 INFO  BSP server: 	at java.base@17.0.6/java.util.concurrent.ThreadPoolExecutor$Worker.run(ThreadPoolExecutor.java:635)
2025.04.09 13:44:09 INFO  BSP server: 	at java.base@17.0.6/java.lang.Thread.run(Thread.java:833)
2025.04.09 13:44:09 INFO  BSP server: 	at com.oracle.svm.core.thread.PlatformThreads.threadStartRoutine(PlatformThreads.java:775)
2025.04.09 13:44:09 INFO  BSP server: 	at com.oracle.svm.core.windows.WindowsPlatformThreads.osThreadStartRoutine(WindowsPlatformThreads.java:178)
2025.04.09 13:44:09 INFO  BSP server: Caused by: java.lang.reflect.InvocationTargetException
2025.04.09 13:44:09 INFO  BSP server: 	at java.base@17.0.6/java.lang.reflect.Method.invoke(Method.java:568)
2025.04.09 13:44:09 INFO  BSP server: 	at org.eclipse.lsp4j.jsonrpc.services.GenericEndpoint.lambda$null$0(GenericEndpoint.java:65)
2025.04.09 13:44:09 INFO  BSP server: 	... 13 more
2025.04.09 13:44:09 INFO  BSP server: Caused by: java.lang.RuntimeException: BSP server not initialized yet
2025.04.09 13:44:09 INFO  BSP server: 	at scala.sys.package$.error(package.scala:27)
2025.04.09 13:44:09 INFO  BSP server: 	at scala.build.bsp.BloopSession$Reference.get(BloopSession.scala:70)
2025.04.09 13:44:09 INFO  BSP server: 	at scala.build.bsp.BspImpl.$anonfun$11(BspImpl.scala:474)
2025.04.09 13:44:09 INFO  BSP server: 	at scala.build.bsp.BuildServerProxy.onBuildExit(BuildServerProxy.scala:29)
2025.04.09 13:44:09 INFO  BSP server: 	... 15 more
2025.04.09 13:44:09 INFO  BSP server: 
2025.04.09 13:44:09 INFO  Shut down connection with build server.
2025.04.09 13:44:09 INFO  Exiting server
2025.04.09 16:13:00 INFO  Started: Metals version 1.5.2 in folders 'C:\labs\MAGISTER\1 course\TRPO\Lab-2-1' for client Visual Studio Code 1.99.1.
2025.04.09 16:13:05 INFO  Attempting to connect to the build server...
2025.04.09 16:13:05 INFO  Running BSP server List(C:\Users\evgen\AppData\Local\Coursier\cache\arc\https\github.com\scala\scala3\releases\download\3.6.4\scala3-3.6.4-x86_64-pc-win32.zip\scala3-3.6.4-x86_64-pc-win32\libexec\scala-cli.exe, --cli-default-scala-version, 3.6.4, --repository, file:///C:/Users/evgen/AppData/Local/Coursier/cache/arc/https/github.com/scala/scala3/releases/download/3.6.4/scala3-3.6.4-x86_64-pc-win32.zip/scala3-3.6.4-x86_64-pc-win32/maven2, --prog-name, scala, --skip-cli-updates, bsp, --json-options, c:\labs\MAGISTER\1 course\TRPO\Lab-2-1\.scala-build\ide-options-v2.json, --json-launcher-options, c:\labs\MAGISTER\1 course\TRPO\Lab-2-1\.scala-build\ide-launcher-options.json, --envs-file, c:\labs\MAGISTER\1 course\TRPO\Lab-2-1\.scala-build\ide-envs.json, c:\labs\MAGISTER\1 course\TRPO\Lab-2-1\hello.scala)
2025.04.09 16:13:07 INFO  tracing is disabled for protocol BSP, to enable tracing of incoming and outgoing JSON messages create an empty file at C:\labs\MAGISTER\1 course\TRPO\Lab-2-1\.metals\bsp.trace.json or C:\Users\evgen\AppData\Local\scalameta\metals\cache\bsp.trace.json
2025.04.09 16:13:09 INFO  BSP server: Starting compilation server
2025.04.09 16:13:11 INFO  BSP server: Error: java.nio.file.NoSuchFileException: c:\labs\MAGISTER\1 course\TRPO\Lab-2-1\hello.scala
2025.04.09 16:13:11 INFO  BSP server: For more details, please see 'c:\labs\MAGISTER\1 course\TRPO\Lab-2-1\.scala-build\stacktraces\1744189991-17863533033960336957.log'
2025.04.09 16:13:25 INFO  no build target found for C:\labs\MAGISTER\1 course\TRPO\Lab-2-1\Main.scala. Using presentation compiler with project's scala-library version: 3.3.5
2025.04.09 16:13:27 WARN  Could not find semantic tokens for: file:///C:/labs/MAGISTER/1%20course/TRPO/Lab-2-1/Main.scala
2025.04.09 16:13:46 INFO  no build target found for C:\labs\MAGISTER\1 course\TRPO\Lab-2-1\main.scala. Using presentation compiler with project's scala-library version: 3.3.5
2025.04.09 16:13:46 INFO  no build target found for C:\labs\MAGISTER\1 course\TRPO\Lab-2-1\main.scala. Using presentation compiler with project's scala-library version: 3.3.5
2025.04.09 16:13:46 INFO  no build target found for C:\labs\MAGISTER\1 course\TRPO\Lab-2-1\main.scala. Using presentation compiler with project's scala-library version: 3.3.5
2025.04.09 16:13:49 INFO  no build target found for C:\labs\MAGISTER\1 course\TRPO\Lab-2-1\main.scala. Using presentation compiler with project's scala-library version: 3.3.5
2025.04.09 16:13:49 INFO  no build target found for C:\labs\MAGISTER\1 course\TRPO\Lab-2-1\main.scala. Using presentation compiler with project's scala-library version: 3.3.5
2025.04.09 16:13:49 INFO  no build target found for C:\labs\MAGISTER\1 course\TRPO\Lab-2-1\main.scala. Using presentation compiler with project's scala-library version: 3.3.5
2025.04.09 16:13:49 INFO  no build target found for C:\labs\MAGISTER\1 course\TRPO\Lab-2-1\main.scala. Using presentation compiler with project's scala-library version: 3.3.5
2025.04.09 16:13:49 INFO  no build target found for C:\labs\MAGISTER\1 course\TRPO\Lab-2-1\main.scala. Using presentation compiler with project's scala-library version: 3.3.5
2025.04.09 16:13:49 WARN  no build target for: C:\labs\MAGISTER\1 course\TRPO\Lab-2-1\main.scala
2025.04.09 16:13:49 INFO  no build target found for C:\labs\MAGISTER\1 course\TRPO\Lab-2-1\main.scala. Using presentation compiler with project's scala-library version: 3.3.5
2025.04.09 16:13:51 INFO  no build target found for C:\labs\MAGISTER\1 course\TRPO\Lab-2-1\main.scala. Using presentation compiler with project's scala-library version: 3.3.5
2025.04.09 16:13:59 INFO  no build target found for C:\labs\MAGISTER\1 course\TRPO\Lab-2-1\main.scala. Using presentation compiler with project's scala-library version: 3.3.5
2025.04.09 16:14:00 INFO  no build target found for C:\labs\MAGISTER\1 course\TRPO\Lab-2-1\main.scala. Using presentation compiler with project's scala-library version: 3.3.5
2025.04.09 16:14:00 INFO  no build target found for C:\labs\MAGISTER\1 course\TRPO\Lab-2-1\main.scala. Using presentation compiler with project's scala-library version: 3.3.5
2025.04.09 16:14:00 INFO  no build target found for C:\labs\MAGISTER\1 course\TRPO\Lab-2-1\main.scala. Using presentation compiler with project's scala-library version: 3.3.5
2025.04.09 16:14:00 INFO  no build target found for C:\labs\MAGISTER\1 course\TRPO\Lab-2-1\main.scala. Using presentation compiler with project's scala-library version: 3.3.5
2025.04.09 16:14:00 INFO  no build target found for C:\labs\MAGISTER\1 course\TRPO\Lab-2-1\main.scala. Using presentation compiler with project's scala-library version: 3.3.5
2025.04.09 16:14:00 INFO  no build target found for C:\labs\MAGISTER\1 course\TRPO\Lab-2-1\main.scala. Using presentation compiler with project's scala-library version: 3.3.5
2025.04.09 16:14:01 INFO  no build target found for C:\labs\MAGISTER\1 course\TRPO\Lab-2-1\main.scala. Using presentation compiler with project's scala-library version: 3.3.5
2025.04.09 16:14:01 INFO  no build target found for C:\labs\MAGISTER\1 course\TRPO\Lab-2-1\main.scala. Using presentation compiler with project's scala-library version: 3.3.5
2025.04.09 16:14:02 INFO  no build target found for C:\labs\MAGISTER\1 course\TRPO\Lab-2-1\main.scala. Using presentation compiler with project's scala-library version: 3.3.5
2025.04.09 16:14:02 INFO  no build target found for C:\labs\MAGISTER\1 course\TRPO\Lab-2-1\main.scala. Using presentation compiler with project's scala-library version: 3.3.5
2025.04.09 16:14:02 INFO  no build target found for C:\labs\MAGISTER\1 course\TRPO\Lab-2-1\main.scala. Using presentation compiler with project's scala-library version: 3.3.5
2025.04.09 16:14:04 INFO  no build target found for C:\labs\MAGISTER\1 course\TRPO\Lab-2-1\main.scala. Using presentation compiler with project's scala-library version: 3.3.5
2025.04.09 16:14:04 WARN  no build target for: C:\labs\MAGISTER\1 course\TRPO\Lab-2-1\main.scala
2025.04.09 16:14:04 INFO  no build target found for C:\labs\MAGISTER\1 course\TRPO\Lab-2-1\main.scala. Using presentation compiler with project's scala-library version: 3.3.5
2025.04.09 16:14:04 INFO  no build target found for C:\labs\MAGISTER\1 course\TRPO\Lab-2-1\main.scala. Using presentation compiler with project's scala-library version: 3.3.5
2025.04.09 16:14:07 ERROR Timeout waiting for 'build/initialize' response
2025.04.09 16:14:07 WARN  Retrying connection to the build server scala
2025.04.09 16:14:07 INFO  Running BSP server List(C:\Users\evgen\AppData\Local\Coursier\cache\arc\https\github.com\scala\scala3\releases\download\3.6.4\scala3-3.6.4-x86_64-pc-win32.zip\scala3-3.6.4-x86_64-pc-win32\libexec\scala-cli.exe, --cli-default-scala-version, 3.6.4, --repository, file:///C:/Users/evgen/AppData/Local/Coursier/cache/arc/https/github.com/scala/scala3/releases/download/3.6.4/scala3-3.6.4-x86_64-pc-win32.zip/scala3-3.6.4-x86_64-pc-win32/maven2, --prog-name, scala, --skip-cli-updates, bsp, --json-options, c:\labs\MAGISTER\1 course\TRPO\Lab-2-1\.scala-build\ide-options-v2.json, --json-launcher-options, c:\labs\MAGISTER\1 course\TRPO\Lab-2-1\.scala-build\ide-launcher-options.json, --envs-file, c:\labs\MAGISTER\1 course\TRPO\Lab-2-1\.scala-build\ide-envs.json, c:\labs\MAGISTER\1 course\TRPO\Lab-2-1\hello.scala)
2025.04.09 16:14:07 INFO  BSP server: Error: java.nio.file.NoSuchFileException: c:\labs\MAGISTER\1 course\TRPO\Lab-2-1\hello.scala
2025.04.09 16:14:07 INFO  BSP server: For more details, please see 'c:\labs\MAGISTER\1 course\TRPO\Lab-2-1\.scala-build\stacktraces\1744190047-7801658833076368258.log'
2025.04.09 16:14:07 INFO  tracing is disabled for protocol BSP, to enable tracing of incoming and outgoing JSON messages create an empty file at C:\labs\MAGISTER\1 course\TRPO\Lab-2-1\.metals\bsp.trace.json or C:\Users\evgen\AppData\Local\scalameta\metals\cache\bsp.trace.json
2025.04.09 16:14:11 INFO  no build target found for C:\labs\MAGISTER\1 course\TRPO\Lab-2-1\main.scala. Using presentation compiler with project's scala-library version: 3.3.5
2025.04.09 16:14:11 INFO  no build target found for C:\labs\MAGISTER\1 course\TRPO\Lab-2-1\main.scala. Using presentation compiler with project's scala-library version: 3.3.5
2025.04.09 16:14:11 INFO  no build target found for C:\labs\MAGISTER\1 course\TRPO\Lab-2-1\main.scala. Using presentation compiler with project's scala-library version: 3.3.5
2025.04.09 16:14:11 INFO  no build target found for C:\labs\MAGISTER\1 course\TRPO\Lab-2-1\main.scala. Using presentation compiler with project's scala-library version: 3.3.5
2025.04.09 16:14:11 INFO  no build target found for C:\labs\MAGISTER\1 course\TRPO\Lab-2-1\main.scala. Using presentation compiler with project's scala-library version: 3.3.5
2025.04.09 16:14:11 INFO  no build target found for C:\labs\MAGISTER\1 course\TRPO\Lab-2-1\main.scala. Using presentation compiler with project's scala-library version: 3.3.5
2025.04.09 16:14:12 INFO  no build target found for C:\labs\MAGISTER\1 course\TRPO\Lab-2-1\main.scala. Using presentation compiler with project's scala-library version: 3.3.5
2025.04.09 16:14:12 INFO  no build target found for C:\labs\MAGISTER\1 course\TRPO\Lab-2-1\main.scala. Using presentation compiler with project's scala-library version: 3.3.5
2025.04.09 16:14:12 INFO  no build target found for C:\labs\MAGISTER\1 course\TRPO\Lab-2-1\main.scala. Using presentation compiler with project's scala-library version: 3.3.5
2025.04.09 16:14:12 WARN  no build target for: C:\labs\MAGISTER\1 course\TRPO\Lab-2-1\main.scala
2025.04.09 16:14:12 INFO  no build target found for C:\labs\MAGISTER\1 course\TRPO\Lab-2-1\main.scala. Using presentation compiler with project's scala-library version: 3.3.5
2025.04.09 16:14:14 INFO  no build target found for C:\labs\MAGISTER\1 course\TRPO\Lab-2-1\main.scala. Using presentation compiler with project's scala-library version: 3.3.5
2025.04.09 16:14:16 INFO  no build target found for C:\labs\MAGISTER\1 course\TRPO\Lab-2-1\main.scala. Using presentation compiler with project's scala-library version: 3.3.5
2025.04.09 16:14:18 INFO  no build target found for C:\labs\MAGISTER\1 course\TRPO\Lab-2-1\main.scala. Using presentation compiler with project's scala-library version: 3.3.5
2025.04.09 16:14:18 INFO  no build target found for C:\labs\MAGISTER\1 course\TRPO\Lab-2-1\main.scala. Using presentation compiler with project's scala-library version: 3.3.5
2025.04.09 16:14:18 INFO  no build target found for C:\labs\MAGISTER\1 course\TRPO\Lab-2-1\main.scala. Using presentation compiler with project's scala-library version: 3.3.5
2025.04.09 16:14:18 INFO  no build target found for C:\labs\MAGISTER\1 course\TRPO\Lab-2-1\main.scala. Using presentation compiler with project's scala-library version: 3.3.5
2025.04.09 16:14:20 INFO  no build target found for C:\labs\MAGISTER\1 course\TRPO\Lab-2-1\main.scala. Using presentation compiler with project's scala-library version: 3.3.5
2025.04.09 16:14:20 INFO  no build target found for C:\labs\MAGISTER\1 course\TRPO\Lab-2-1\main.scala. Using presentation compiler with project's scala-library version: 3.3.5
2025.04.09 16:14:20 INFO  no build target found for C:\labs\MAGISTER\1 course\TRPO\Lab-2-1\main.scala. Using presentation compiler with project's scala-library version: 3.3.5
2025.04.09 16:14:20 INFO  no build target found for C:\labs\MAGISTER\1 course\TRPO\Lab-2-1\main.scala. Using presentation compiler with project's scala-library version: 3.3.5
2025.04.09 16:14:20 INFO  no build target found for C:\labs\MAGISTER\1 course\TRPO\Lab-2-1\main.scala. Using presentation compiler with project's scala-library version: 3.3.5
2025.04.09 16:14:20 INFO  no build target found for C:\labs\MAGISTER\1 course\TRPO\Lab-2-1\main.scala. Using presentation compiler with project's scala-library version: 3.3.5
2025.04.09 16:14:20 INFO  no build target found for C:\labs\MAGISTER\1 course\TRPO\Lab-2-1\main.scala. Using presentation compiler with project's scala-library version: 3.3.5
2025.04.09 16:14:22 WARN  no build target for: C:\labs\MAGISTER\1 course\TRPO\Lab-2-1\main.scala
2025.04.09 16:14:22 INFO  no build target found for C:\labs\MAGISTER\1 course\TRPO\Lab-2-1\main.scala. Using presentation compiler with project's scala-library version: 3.3.5
2025.04.09 16:14:22 INFO  no build target found for C:\labs\MAGISTER\1 course\TRPO\Lab-2-1\main.scala. Using presentation compiler with project's scala-library version: 3.3.5
2025.04.09 16:14:22 INFO  no build target found for C:\labs\MAGISTER\1 course\TRPO\Lab-2-1\main.scala. Using presentation compiler with project's scala-library version: 3.3.5
2025.04.09 16:14:22 INFO  no build target found for C:\labs\MAGISTER\1 course\TRPO\Lab-2-1\main.scala. Using presentation compiler with project's scala-library version: 3.3.5
2025.04.09 16:14:23 INFO  no build target found for C:\labs\MAGISTER\1 course\TRPO\Lab-2-1\main.scala. Using presentation compiler with project's scala-library version: 3.3.5
2025.04.09 16:14:24 INFO  no build target found for C:\labs\MAGISTER\1 course\TRPO\Lab-2-1\main.scala. Using presentation compiler with project's scala-library version: 3.3.5
2025.04.09 16:14:23 INFO  no build target found for C:\labs\MAGISTER\1 course\TRPO\Lab-2-1\main.scala. Using presentation compiler with project's scala-library version: 3.3.5
2025.04.09 16:14:25 INFO  no build target found for C:\labs\MAGISTER\1 course\TRPO\Lab-2-1\main.scala. Using presentation compiler with project's scala-library version: 3.3.5
2025.04.09 16:14:25 INFO  no build target found for C:\labs\MAGISTER\1 course\TRPO\Lab-2-1\main.scala. Using presentation compiler with project's scala-library version: 3.3.5
2025.04.09 16:14:31 INFO  no build target found for C:\labs\MAGISTER\1 course\TRPO\Lab-2-1\lab1\src\main\scala\my\scalafx\Fraction.scala. Using presentation compiler with project's scala-library version: 3.3.5
2025.04.09 16:14:32 INFO  no build target found for C:\labs\MAGISTER\1 course\TRPO\Lab-2-1\lab1\src\main\scala\my\scalafx\Fraction.scala. Using presentation compiler with project's scala-library version: 3.3.5
2025.04.09 16:14:31 INFO  no build target found for C:\labs\MAGISTER\1 course\TRPO\Lab-2-1\lab1\src\main\scala\my\scalafx\Fraction.scala. Using presentation compiler with project's scala-library version: 3.3.5
2025.04.09 16:14:33 INFO  no build target found for C:\labs\MAGISTER\1 course\TRPO\Lab-2-1\lab1\src\main\scala\my\scalafx\Fraction.scala. Using presentation compiler with project's scala-library version: 3.3.5
2025.04.09 16:14:33 INFO  no build target found for C:\labs\MAGISTER\1 course\TRPO\Lab-2-1\lab1\src\main\scala\my\scalafx\Fraction.scala. Using presentation compiler with project's scala-library version: 3.3.5
2025.04.09 16:14:34 INFO  no build target found for C:\labs\MAGISTER\1 course\TRPO\Lab-2-1\lab1\src\main\scala\my\scalafx\Fraction.scala. Using presentation compiler with project's scala-library version: 3.3.5
2025.04.09 16:14:33 INFO  no build target found for C:\labs\MAGISTER\1 course\TRPO\Lab-2-1\lab1\src\main\scala\my\scalafx\Fraction.scala. Using presentation compiler with project's scala-library version: 3.3.5
Р°РїСЂ. 09, 2025 4:14:34 PM org.eclipse.lsp4j.jsonrpc.RemoteEndpoint handleCancellation
WARNING: Unmatched cancel notification for request id 147
Р°РїСЂ. 09, 2025 4:14:34 PM org.eclipse.lsp4j.jsonrpc.RemoteEndpoint handleCancellation
WARNING: Unmatched cancel notification for request id 146
2025.04.09 16:14:33 INFO  no build target found for C:\labs\MAGISTER\1 course\TRPO\Lab-2-1\lab1\src\main\scala\my\scalafx\Fraction.scala. Using presentation compiler with project's scala-library version: 3.3.5
2025.04.09 16:14:34 INFO  no build target found for C:\labs\MAGISTER\1 course\TRPO\Lab-2-1\lab1\src\main\scala\my\scalafx\Fraction.scala. Using presentation compiler with project's scala-library version: 3.3.5
Р°РїСЂ. 09, 2025 4:14:34 PM org.eclipse.lsp4j.jsonrpc.RemoteEndpoint handleCancellation
WARNING: Unmatched cancel notification for request id 149
2025.04.09 16:14:33 INFO  no build target found for C:\labs\MAGISTER\1 course\TRPO\Lab-2-1\lab1\src\main\scala\my\scalafx\Fraction.scala. Using presentation compiler with project's scala-library version: 3.3.5
2025.04.09 16:14:34 INFO  no build target found for C:\labs\MAGISTER\1 course\TRPO\Lab-2-1\lab1\src\main\scala\my\scalafx\Fraction.scala. Using presentation compiler with project's scala-library version: 3.3.5
2025.04.09 16:14:34 INFO  no build target found for C:\labs\MAGISTER\1 course\TRPO\Lab-2-1\lab1\src\main\scala\my\scalafx\Fraction.scala. Using presentation compiler with project's scala-library version: 3.3.5
2025.04.09 16:14:35 INFO  no build target found for C:\labs\MAGISTER\1 course\TRPO\Lab-2-1\lab1\src\main\scala\my\scalafx\Fraction.scala. Using presentation compiler with project's scala-library version: 3.3.5
2025.04.09 16:14:39 WARN  no build target for: C:\labs\MAGISTER\1 course\TRPO\Lab-2-1\main.scala
2025.04.09 16:14:39 INFO  no build target found for C:\labs\MAGISTER\1 course\TRPO\Lab-2-1\main.scala. Using presentation compiler with project's scala-library version: 3.3.5
2025.04.09 16:14:40 INFO  no build target found for C:\labs\MAGISTER\1 course\TRPO\Lab-2-1\main.scala. Using presentation compiler with project's scala-library version: 3.3.5
2025.04.09 16:14:40 INFO  no build target found for C:\labs\MAGISTER\1 course\TRPO\Lab-2-1\main.scala. Using presentation compiler with project's scala-library version: 3.3.5
2025.04.09 16:14:41 INFO  no build target found for C:\labs\MAGISTER\1 course\TRPO\Lab-2-1\main.scala. Using presentation compiler with project's scala-library version: 3.3.5
Р°РїСЂ. 09, 2025 4:14:41 PM org.eclipse.lsp4j.jsonrpc.RemoteEndpoint handleCancellation
WARNING: Unmatched cancel notification for request id 172
2025.04.09 16:14:40 INFO  no build target found for C:\labs\MAGISTER\1 course\TRPO\Lab-2-1\main.scala. Using presentation compiler with project's scala-library version: 3.3.5
2025.04.09 16:14:41 INFO  no build target found for C:\labs\MAGISTER\1 course\TRPO\Lab-2-1\main.scala. Using presentation compiler with project's scala-library version: 3.3.5
Р°РїСЂ. 09, 2025 4:14:41 PM org.eclipse.lsp4j.jsonrpc.RemoteEndpoint handleCancellation
WARNING: Unmatched cancel notification for request id 174
Р°РїСЂ. 09, 2025 4:14:41 PM org.eclipse.lsp4j.jsonrpc.RemoteEndpoint handleCancellation
WARNING: Unmatched cancel notification for request id 180
2025.04.09 16:14:41 WARN  no build target for: C:\labs\MAGISTER\1 course\TRPO\Lab-2-1\main.scala
2025.04.09 16:14:41 INFO  no build target found for C:\labs\MAGISTER\1 course\TRPO\Lab-2-1\main.scala. Using presentation compiler with project's scala-library version: 3.3.5
2025.04.09 16:14:44 INFO  no build target found for C:\labs\MAGISTER\1 course\TRPO\Lab-2-1\main.scala. Using presentation compiler with project's scala-library version: 3.3.5
2025.04.09 16:14:44 INFO  no build target found for C:\labs\MAGISTER\1 course\TRPO\Lab-2-1\main.scala. Using presentation compiler with project's scala-library version: 3.3.5
2025.04.09 16:14:44 INFO  no build target found for C:\labs\MAGISTER\1 course\TRPO\Lab-2-1\main.scala. Using presentation compiler with project's scala-library version: 3.3.5
2025.04.09 16:14:45 INFO  no build target found for C:\labs\MAGISTER\1 course\TRPO\Lab-2-1\main.scala. Using presentation compiler with project's scala-library version: 3.3.5
2025.04.09 16:14:44 INFO  no build target found for C:\labs\MAGISTER\1 course\TRPO\Lab-2-1\main.scala. Using presentation compiler with project's scala-library version: 3.3.5
2025.04.09 16:14:46 INFO  no build target found for C:\labs\MAGISTER\1 course\TRPO\Lab-2-1\main.scala. Using presentation compiler with project's scala-library version: 3.3.5
2025.04.09 16:14:46 INFO  no build target found for C:\labs\MAGISTER\1 course\TRPO\Lab-2-1\main.scala. Using presentation compiler with project's scala-library version: 3.3.5
2025.04.09 16:14:46 INFO  no build target found for C:\labs\MAGISTER\1 course\TRPO\Lab-2-1\main.scala. Using presentation compiler with project's scala-library version: 3.3.5
2025.04.09 16:14:46 INFO  no build target found for C:\labs\MAGISTER\1 course\TRPO\Lab-2-1\main.scala. Using presentation compiler with project's scala-library version: 3.3.5
2025.04.09 16:14:46 INFO  no build target found for C:\labs\MAGISTER\1 course\TRPO\Lab-2-1\main.scala. Using presentation compiler with project's scala-library version: 3.3.5
2025.04.09 16:14:47 INFO  no build target found for C:\labs\MAGISTER\1 course\TRPO\Lab-2-1\main.scala. Using presentation compiler with project's scala-library version: 3.3.5
2025.04.09 16:14:46 INFO  no build target found for C:\labs\MAGISTER\1 course\TRPO\Lab-2-1\main.scala. Using presentation compiler with project's scala-library version: 3.3.5
2025.04.09 16:14:48 WARN  no build target for: C:\labs\MAGISTER\1 course\TRPO\Lab-2-1\main.scala
2025.04.09 16:14:48 INFO  no build target found for C:\labs\MAGISTER\1 course\TRPO\Lab-2-1\main.scala. Using presentation compiler with project's scala-library version: 3.3.5
2025.04.09 16:14:48 INFO  no build target found for C:\labs\MAGISTER\1 course\TRPO\Lab-2-1\main.scala. Using presentation compiler with project's scala-library version: 3.3.5
2025.04.09 16:15:07 ERROR Timeout waiting for 'build/initialize' response
2025.04.09 16:15:07 WARN  Retrying connection to the build server scala
2025.04.09 16:15:07 INFO  Running BSP server List(C:\Users\evgen\AppData\Local\Coursier\cache\arc\https\github.com\scala\scala3\releases\download\3.6.4\scala3-3.6.4-x86_64-pc-win32.zip\scala3-3.6.4-x86_64-pc-win32\libexec\scala-cli.exe, --cli-default-scala-version, 3.6.4, --repository, file:///C:/Users/evgen/AppData/Local/Coursier/cache/arc/https/github.com/scala/scala3/releases/download/3.6.4/scala3-3.6.4-x86_64-pc-win32.zip/scala3-3.6.4-x86_64-pc-win32/maven2, --prog-name, scala, --skip-cli-updates, bsp, --json-options, c:\labs\MAGISTER\1 course\TRPO\Lab-2-1\.scala-build\ide-options-v2.json, --json-launcher-options, c:\labs\MAGISTER\1 course\TRPO\Lab-2-1\.scala-build\ide-launcher-options.json, --envs-file, c:\labs\MAGISTER\1 course\TRPO\Lab-2-1\.scala-build\ide-envs.json, c:\labs\MAGISTER\1 course\TRPO\Lab-2-1\hello.scala)
2025.04.09 16:15:08 INFO  tracing is disabled for protocol BSP, to enable tracing of incoming and outgoing JSON messages create an empty file at C:\labs\MAGISTER\1 course\TRPO\Lab-2-1\.metals\bsp.trace.json or C:\Users\evgen\AppData\Local\scalameta\metals\cache\bsp.trace.json
2025.04.09 16:15:08 INFO  BSP server: Error: java.nio.file.NoSuchFileException: c:\labs\MAGISTER\1 course\TRPO\Lab-2-1\hello.scala
2025.04.09 16:15:08 INFO  BSP server: For more details, please see 'c:\labs\MAGISTER\1 course\TRPO\Lab-2-1\.scala-build\stacktraces\1744190108-4070605387478821968.log'
2025.04.09 16:15:15 INFO  no build target found for C:\labs\MAGISTER\1 course\TRPO\Lab-2-1\main.scala. Using presentation compiler with project's scala-library version: 3.3.5
2025.04.09 16:15:16 INFO  no build target found for C:\labs\MAGISTER\1 course\TRPO\Lab-2-1\main.scala. Using presentation compiler with project's scala-library version: 3.3.5
Р°РїСЂ. 09, 2025 4:15:16 PM scala.meta.internal.metals.StdReporter $anonfun$create$1
WARNING: empty definition using pc, found symbol in pc: scala/collection/immutable/List#splitAt(). (full report at: C:\labs\MAGISTER\1 course\TRPO\Lab-2-1\.metals\.reports\metals-full\2025-04-09\r_empty-definition_16-15-16-563.md)
2025.04.09 16:15:16 WARN  no build target for: C:\labs\MAGISTER\1 course\TRPO\Lab-2-1\main.scala
2025.04.09 16:15:16 INFO  no build target found for C:\labs\MAGISTER\1 course\TRPO\Lab-2-1\main.scala. Using presentation compiler with project's scala-library version: 3.3.5
2025.04.09 16:15:15 INFO  no build target found for C:\labs\MAGISTER\1 course\TRPO\Lab-2-1\main.scala. Using presentation compiler with project's scala-library version: 3.3.5
2025.04.09 16:15:16 INFO  no build target found for C:\labs\MAGISTER\1 course\TRPO\Lab-2-1\main.scala. Using presentation compiler with project's scala-library version: 3.3.5
2025.04.09 16:15:18 INFO  no build target found for C:\labs\MAGISTER\1 course\TRPO\Lab-2-1\main.scala. Using presentation compiler with project's scala-library version: 3.3.5
2025.04.09 16:15:18 INFO  no build target found for C:\labs\MAGISTER\1 course\TRPO\Lab-2-1\main.scala. Using presentation compiler with project's scala-library version: 3.3.5
2025.04.09 16:15:22 INFO  no build target found for C:\labs\MAGISTER\1 course\TRPO\Lab-2-1\main.scala. Using presentation compiler with project's scala-library version: 3.3.5
2025.04.09 16:15:22 INFO  no build target found for C:\labs\MAGISTER\1 course\TRPO\Lab-2-1\main.scala. Using presentation compiler with project's scala-library version: 3.3.5
2025.04.09 16:15:22 INFO  no build target found for C:\labs\MAGISTER\1 course\TRPO\Lab-2-1\main.scala. Using presentation compiler with project's scala-library version: 3.3.5
2025.04.09 16:15:22 INFO  no build target found for C:\labs\MAGISTER\1 course\TRPO\Lab-2-1\main.scala. Using presentation compiler with project's scala-library version: 3.3.5
2025.04.09 16:15:24 INFO  no build target found for C:\labs\MAGISTER\1 course\TRPO\Lab-2-1\main.scala. Using presentation compiler with project's scala-library version: 3.3.5
2025.04.09 16:15:24 INFO  no build target found for C:\labs\MAGISTER\1 course\TRPO\Lab-2-1\main.scala. Using presentation compiler with project's scala-library version: 3.3.5
2025.04.09 16:15:28 INFO  no build target found for C:\labs\MAGISTER\1 course\TRPO\Lab-2-1\main.scala. Using presentation compiler with project's scala-library version: 3.3.5
2025.04.09 16:15:28 INFO  no build target found for C:\labs\MAGISTER\1 course\TRPO\Lab-2-1\main.scala. Using presentation compiler with project's scala-library version: 3.3.5
2025.04.09 16:15:30 INFO  no build target found for C:\labs\MAGISTER\1 course\TRPO\Lab-2-1\main.scala. Using presentation compiler with project's scala-library version: 3.3.5
2025.04.09 16:15:30 INFO  no build target found for C:\labs\MAGISTER\1 course\TRPO\Lab-2-1\main.scala. Using presentation compiler with project's scala-library version: 3.3.5
2025.04.09 16:15:31 INFO  no build target found for C:\labs\MAGISTER\1 course\TRPO\Lab-2-1\main.scala. Using presentation compiler with project's scala-library version: 3.3.5
2025.04.09 16:15:31 INFO  no build target found for C:\labs\MAGISTER\1 course\TRPO\Lab-2-1\main.scala. Using presentation compiler with project's scala-library version: 3.3.5
2025.04.09 16:15:31 INFO  no build target found for C:\labs\MAGISTER\1 course\TRPO\Lab-2-1\main.scala. Using presentation compiler with project's scala-library version: 3.3.5
2025.04.09 16:15:32 INFO  no build target found for C:\labs\MAGISTER\1 course\TRPO\Lab-2-1\main.scala. Using presentation compiler with project's scala-library version: 3.3.5
2025.04.09 16:15:32 INFO  no build target found for C:\labs\MAGISTER\1 course\TRPO\Lab-2-1\main.scala. Using presentation compiler with project's scala-library version: 3.3.5
2025.04.09 16:15:32 INFO  no build target found for C:\labs\MAGISTER\1 course\TRPO\Lab-2-1\main.scala. Using presentation compiler with project's scala-library version: 3.3.5
2025.04.09 16:15:34 INFO  no build target found for C:\labs\MAGISTER\1 course\TRPO\Lab-2-1\main.scala. Using presentation compiler with project's scala-library version: 3.3.5
2025.04.09 16:15:35 INFO  no build target found for C:\labs\MAGISTER\1 course\TRPO\Lab-2-1\main.scala. Using presentation compiler with project's scala-library version: 3.3.5
2025.04.09 16:15:36 INFO  no build target found for C:\labs\MAGISTER\1 course\TRPO\Lab-2-1\main.scala. Using presentation compiler with project's scala-library version: 3.3.5
2025.04.09 16:15:36 INFO  no build target found for C:\labs\MAGISTER\1 course\TRPO\Lab-2-1\main.scala. Using presentation compiler with project's scala-library version: 3.3.5
2025.04.09 16:15:41 INFO  no build target found for C:\labs\MAGISTER\1 course\TRPO\Lab-2-1\main.scala. Using presentation compiler with project's scala-library version: 3.3.5
2025.04.09 16:15:41 INFO  no build target found for C:\labs\MAGISTER\1 course\TRPO\Lab-2-1\main.scala. Using presentation compiler with project's scala-library version: 3.3.5
2025.04.09 16:15:41 INFO  no build target found for C:\labs\MAGISTER\1 course\TRPO\Lab-2-1\main.scala. Using presentation compiler with project's scala-library version: 3.3.5
2025.04.09 16:15:41 INFO  no build target found for C:\labs\MAGISTER\1 course\TRPO\Lab-2-1\main.scala. Using presentation compiler with project's scala-library version: 3.3.5
2025.04.09 16:15:42 INFO  no build target found for C:\labs\MAGISTER\1 course\TRPO\Lab-2-1\main.scala. Using presentation compiler with project's scala-library version: 3.3.5
2025.04.09 16:15:50 INFO  no build target found for C:\labs\MAGISTER\1 course\TRPO\Lab-2-1\main.scala. Using presentation compiler with project's scala-library version: 3.3.5
2025.04.09 16:15:50 INFO  no build target found for C:\labs\MAGISTER\1 course\TRPO\Lab-2-1\main.scala. Using presentation compiler with project's scala-library version: 3.3.5
2025.04.09 16:15:50 INFO  no build target found for C:\labs\MAGISTER\1 course\TRPO\Lab-2-1\main.scala. Using presentation compiler with project's scala-library version: 3.3.5
2025.04.09 16:15:50 INFO  no build target found for C:\labs\MAGISTER\1 course\TRPO\Lab-2-1\main.scala. Using presentation compiler with project's scala-library version: 3.3.5
Р°РїСЂ. 09, 2025 4:15:51 PM org.eclipse.lsp4j.jsonrpc.RemoteEndpoint handleCancellation
WARNING: Unmatched cancel notification for request id 335
2025.04.09 16:15:51 INFO  no build target found for C:\labs\MAGISTER\1 course\TRPO\Lab-2-1\main.scala. Using presentation compiler with project's scala-library version: 3.3.5
2025.04.09 16:15:51 INFO  no build target found for C:\labs\MAGISTER\1 course\TRPO\Lab-2-1\main.scala. Using presentation compiler with project's scala-library version: 3.3.5
2025.04.09 16:15:51 INFO  no build target found for C:\labs\MAGISTER\1 course\TRPO\Lab-2-1\main.scala. Using presentation compiler with project's scala-library version: 3.3.5
2025.04.09 16:15:52 INFO  no build target found for C:\labs\MAGISTER\1 course\TRPO\Lab-2-1\main.scala. Using presentation compiler with project's scala-library version: 3.3.5
2025.04.09 16:15:52 INFO  no build target found for C:\labs\MAGISTER\1 course\TRPO\Lab-2-1\main.scala. Using presentation compiler with project's scala-library version: 3.3.5
2025.04.09 16:15:52 INFO  no build target found for C:\labs\MAGISTER\1 course\TRPO\Lab-2-1\main.scala. Using presentation compiler with project's scala-library version: 3.3.5
2025.04.09 16:15:55 INFO  no build target found for C:\labs\MAGISTER\1 course\TRPO\Lab-2-1\main.scala. Using presentation compiler with project's scala-library version: 3.3.5
2025.04.09 16:15:55 INFO  no build target found for C:\labs\MAGISTER\1 course\TRPO\Lab-2-1\main.scala. Using presentation compiler with project's scala-library version: 3.3.5
2025.04.09 16:15:55 INFO  no build target found for C:\labs\MAGISTER\1 course\TRPO\Lab-2-1\main.scala. Using presentation compiler with project's scala-library version: 3.3.5
2025.04.09 16:15:56 INFO  no build target found for C:\labs\MAGISTER\1 course\TRPO\Lab-2-1\main.scala. Using presentation compiler with project's scala-library version: 3.3.5
2025.04.09 16:15:57 INFO  no build target found for C:\labs\MAGISTER\1 course\TRPO\Lab-2-1\main.scala. Using presentation compiler with project's scala-library version: 3.3.5
2025.04.09 16:16:00 INFO  no build target found for C:\labs\MAGISTER\1 course\TRPO\Lab-2-1\main.scala. Using presentation compiler with project's scala-library version: 3.3.5
2025.04.09 16:16:02 INFO  no build target found for C:\labs\MAGISTER\1 course\TRPO\Lab-2-1\main.scala. Using presentation compiler with project's scala-library version: 3.3.5
2025.04.09 16:16:02 INFO  no build target found for C:\labs\MAGISTER\1 course\TRPO\Lab-2-1\main.scala. Using presentation compiler with project's scala-library version: 3.3.5
2025.04.09 16:16:02 INFO  no build target found for C:\labs\MAGISTER\1 course\TRPO\Lab-2-1\main.scala. Using presentation compiler with project's scala-library version: 3.3.5
2025.04.09 16:16:03 INFO  no build target found for C:\labs\MAGISTER\1 course\TRPO\Lab-2-1\main.scala. Using presentation compiler with project's scala-library version: 3.3.5
2025.04.09 16:16:03 INFO  no build target found for C:\labs\MAGISTER\1 course\TRPO\Lab-2-1\main.scala. Using presentation compiler with project's scala-library version: 3.3.5
2025.04.09 16:16:08 ERROR Timeout waiting for 'build/initialize' response
2025.04.09 16:16:08 WARN  Retrying connection to the build server scala
2025.04.09 16:16:08 INFO  Running BSP server List(C:\Users\evgen\AppData\Local\Coursier\cache\arc\https\github.com\scala\scala3\releases\download\3.6.4\scala3-3.6.4-x86_64-pc-win32.zip\scala3-3.6.4-x86_64-pc-win32\libexec\scala-cli.exe, --cli-default-scala-version, 3.6.4, --repository, file:///C:/Users/evgen/AppData/Local/Coursier/cache/arc/https/github.com/scala/scala3/releases/download/3.6.4/scala3-3.6.4-x86_64-pc-win32.zip/scala3-3.6.4-x86_64-pc-win32/maven2, --prog-name, scala, --skip-cli-updates, bsp, --json-options, c:\labs\MAGISTER\1 course\TRPO\Lab-2-1\.scala-build\ide-options-v2.json, --json-launcher-options, c:\labs\MAGISTER\1 course\TRPO\Lab-2-1\.scala-build\ide-launcher-options.json, --envs-file, c:\labs\MAGISTER\1 course\TRPO\Lab-2-1\.scala-build\ide-envs.json, c:\labs\MAGISTER\1 course\TRPO\Lab-2-1\hello.scala)
2025.04.09 16:16:08 WARN  no build target for: C:\labs\MAGISTER\1 course\TRPO\Lab-2-1\lab1\src\main\scala\my\scalafx\Fraction.scala
2025.04.09 16:16:08 INFO  no build target found for C:\labs\MAGISTER\1 course\TRPO\Lab-2-1\lab1\src\main\scala\my\scalafx\Fraction.scala. Using presentation compiler with project's scala-library version: 3.3.5
2025.04.09 16:16:08 INFO  no build target found for C:\labs\MAGISTER\1 course\TRPO\Lab-2-1\lab1\src\main\scala\my\scalafx\Fraction.scala. Using presentation compiler with project's scala-library version: 3.3.5
2025.04.09 16:16:08 INFO  BSP server: Error: java.nio.file.NoSuchFileException: c:\labs\MAGISTER\1 course\TRPO\Lab-2-1\hello.scala
2025.04.09 16:16:08 INFO  BSP server: For more details, please see 'c:\labs\MAGISTER\1 course\TRPO\Lab-2-1\.scala-build\stacktraces\1744190168-6331039725103422366.log'
2025.04.09 16:16:08 INFO  tracing is disabled for protocol BSP, to enable tracing of incoming and outgoing JSON messages create an empty file at C:\labs\MAGISTER\1 course\TRPO\Lab-2-1\.metals\bsp.trace.json or C:\Users\evgen\AppData\Local\scalameta\metals\cache\bsp.trace.json
2025.04.09 16:16:08 INFO  no build target found for C:\labs\MAGISTER\1 course\TRPO\Lab-2-1\lab1\src\main\scala\my\scalafx\Fraction.scala. Using presentation compiler with project's scala-library version: 3.3.5
2025.04.09 16:16:11 INFO  no build target found for C:\labs\MAGISTER\1 course\TRPO\Lab-2-1\lab1\src\main\scala\my\scalafx\Fraction.scala. Using presentation compiler with project's scala-library version: 3.3.5
2025.04.09 16:16:13 INFO  no build target found for C:\labs\MAGISTER\1 course\TRPO\Lab-2-1\lab1\src\main\scala\my\scalafx\Fraction.scala. Using presentation compiler with project's scala-library version: 3.3.5
2025.04.09 16:16:14 INFO  no build target found for C:\labs\MAGISTER\1 course\TRPO\Lab-2-1\lab1\src\main\scala\my\scalafx\Fraction.scala. Using presentation compiler with project's scala-library version: 3.3.5
2025.04.09 16:16:14 INFO  no build target found for C:\labs\MAGISTER\1 course\TRPO\Lab-2-1\lab1\src\main\scala\my\scalafx\Fraction.scala. Using presentation compiler with project's scala-library version: 3.3.5
2025.04.09 16:16:15 INFO  no build target found for C:\labs\MAGISTER\1 course\TRPO\Lab-2-1\lab1\src\main\scala\my\scalafx\Fraction.scala. Using presentation compiler with project's scala-library version: 3.3.5
2025.04.09 16:16:15 INFO  no build target found for C:\labs\MAGISTER\1 course\TRPO\Lab-2-1\lab1\src\main\scala\my\scalafx\Fraction.scala. Using presentation compiler with project's scala-library version: 3.3.5
2025.04.09 16:16:16 INFO  no build target found for C:\labs\MAGISTER\1 course\TRPO\Lab-2-1\lab1\src\main\scala\my\scalafx\Fraction.scala. Using presentation compiler with project's scala-library version: 3.3.5
2025.04.09 16:16:16 INFO  no build target found for C:\labs\MAGISTER\1 course\TRPO\Lab-2-1\lab1\src\main\scala\my\scalafx\Fraction.scala. Using presentation compiler with project's scala-library version: 3.3.5
2025.04.09 16:16:16 INFO  no build target found for C:\labs\MAGISTER\1 course\TRPO\Lab-2-1\lab1\src\main\scala\my\scalafx\Fraction.scala. Using presentation compiler with project's scala-library version: 3.3.5
2025.04.09 16:16:18 INFO  no build target found for C:\labs\MAGISTER\1 course\TRPO\Lab-2-1\lab1\src\main\scala\my\scalafx\Fraction.scala. Using presentation compiler with project's scala-library version: 3.3.5
2025.04.09 16:16:18 INFO  no build target found for C:\labs\MAGISTER\1 course\TRPO\Lab-2-1\lab1\src\main\scala\my\scalafx\Fraction.scala. Using presentation compiler with project's scala-library version: 3.3.5
2025.04.09 16:16:19 INFO  no build target found for C:\labs\MAGISTER\1 course\TRPO\Lab-2-1\lab1\src\main\scala\my\scalafx\Fraction.scala. Using presentation compiler with project's scala-library version: 3.3.5
2025.04.09 16:16:19 INFO  no build target found for C:\labs\MAGISTER\1 course\TRPO\Lab-2-1\lab1\src\main\scala\my\scalafx\Fraction.scala. Using presentation compiler with project's scala-library version: 3.3.5
2025.04.09 16:16:19 INFO  no build target found for C:\labs\MAGISTER\1 course\TRPO\Lab-2-1\lab1\src\main\scala\my\scalafx\Fraction.scala. Using presentation compiler with project's scala-library version: 3.3.5
2025.04.09 16:16:19 INFO  no build target found for C:\labs\MAGISTER\1 course\TRPO\Lab-2-1\lab1\src\main\scala\my\scalafx\Fraction.scala. Using presentation compiler with project's scala-library version: 3.3.5
2025.04.09 16:16:20 INFO  no build target found for C:\labs\MAGISTER\1 course\TRPO\Lab-2-1\lab1\src\main\scala\my\scalafx\Fraction.scala. Using presentation compiler with project's scala-library version: 3.3.5
2025.04.09 16:16:20 INFO  no build target found for C:\labs\MAGISTER\1 course\TRPO\Lab-2-1\lab1\src\main\scala\my\scalafx\Fraction.scala. Using presentation compiler with project's scala-library version: 3.3.5
2025.04.09 16:16:20 WARN  no build target for: C:\labs\MAGISTER\1 course\TRPO\Lab-2-1\lab1\src\main\scala\my\scalafx\Fraction.scala
2025.04.09 16:16:20 INFO  no build target found for C:\labs\MAGISTER\1 course\TRPO\Lab-2-1\lab1\src\main\scala\my\scalafx\Fraction.scala. Using presentation compiler with project's scala-library version: 3.3.5
2025.04.09 16:16:24 WARN  no build target for: C:\labs\MAGISTER\1 course\TRPO\Lab-2-1\main.scala
2025.04.09 16:16:24 INFO  no build target found for C:\labs\MAGISTER\1 course\TRPO\Lab-2-1\main.scala. Using presentation compiler with project's scala-library version: 3.3.5
2025.04.09 16:16:24 INFO  no build target found for C:\labs\MAGISTER\1 course\TRPO\Lab-2-1\main.scala. Using presentation compiler with project's scala-library version: 3.3.5
2025.04.09 16:16:24 INFO  no build target found for C:\labs\MAGISTER\1 course\TRPO\Lab-2-1\main.scala. Using presentation compiler with project's scala-library version: 3.3.5
2025.04.09 16:16:24 INFO  no build target found for C:\labs\MAGISTER\1 course\TRPO\Lab-2-1\main.scala. Using presentation compiler with project's scala-library version: 3.3.5
2025.04.09 16:16:26 WARN  no build target for: C:\labs\MAGISTER\1 course\TRPO\Lab-2-1\main.scala
2025.04.09 16:16:26 INFO  no build target found for C:\labs\MAGISTER\1 course\TRPO\Lab-2-1\main.scala. Using presentation compiler with project's scala-library version: 3.3.5
2025.04.09 16:16:26 INFO  no build target found for C:\labs\MAGISTER\1 course\TRPO\Lab-2-1\main.scala. Using presentation compiler with project's scala-library version: 3.3.5
2025.04.09 16:16:42 INFO  no build target found for C:\labs\MAGISTER\1 course\TRPO\Lab-2-1\main.scala. Using presentation compiler with project's scala-library version: 3.3.5
2025.04.09 16:16:45 INFO  no build target found for C:\labs\MAGISTER\1 course\TRPO\Lab-2-1\main.scala. Using presentation compiler with project's scala-library version: 3.3.5
2025.04.09 16:16:49 INFO  no build target found for C:\labs\MAGISTER\1 course\TRPO\Lab-2-1\main.scala. Using presentation compiler with project's scala-library version: 3.3.5
2025.04.09 16:16:49 WARN  no build target for: C:\labs\MAGISTER\1 course\TRPO\Lab-2-1\main.scala
2025.04.09 16:16:49 INFO  no build target found for C:\labs\MAGISTER\1 course\TRPO\Lab-2-1\main.scala. Using presentation compiler with project's scala-library version: 3.3.5
2025.04.09 16:16:49 INFO  no build target found for C:\labs\MAGISTER\1 course\TRPO\Lab-2-1\main.scala. Using presentation compiler with project's scala-library version: 3.3.5
2025.04.09 16:16:50 INFO  no build target found for C:\labs\MAGISTER\1 course\TRPO\Lab-2-1\main.scala. Using presentation compiler with project's scala-library version: 3.3.5
2025.04.09 16:16:49 INFO  no build target found for C:\labs\MAGISTER\1 course\TRPO\Lab-2-1\main.scala. Using presentation compiler with project's scala-library version: 3.3.5
2025.04.09 16:16:50 INFO  no build target found for C:\labs\MAGISTER\1 course\TRPO\Lab-2-1\main.scala. Using presentation compiler with project's scala-library version: 3.3.5
2025.04.09 16:16:50 INFO  no build target found for C:\labs\MAGISTER\1 course\TRPO\Lab-2-1\main.scala. Using presentation compiler with project's scala-library version: 3.3.5
2025.04.09 16:16:50 INFO  no build target found for C:\labs\MAGISTER\1 course\TRPO\Lab-2-1\main.scala. Using presentation compiler with project's scala-library version: 3.3.5
Р°РїСЂ. 09, 2025 4:16:51 PM scala.meta.internal.metals.StdReporter $anonfun$create$1
WARNING: empty definition using pc, found symbol in pc: `<none>`. (full report at: C:\labs\MAGISTER\1 course\TRPO\Lab-2-1\.metals\.reports\metals-full\2025-04-09\r_empty-definition_13-39-13-827.md)
2025.04.09 16:16:54 INFO  no build target found for C:\labs\MAGISTER\1 course\TRPO\Lab-2-1\main.scala. Using presentation compiler with project's scala-library version: 3.3.5
2025.04.09 16:16:54 INFO  no build target found for C:\labs\MAGISTER\1 course\TRPO\Lab-2-1\main.scala. Using presentation compiler with project's scala-library version: 3.3.5
2025.04.09 16:16:55 INFO  no build target found for C:\labs\MAGISTER\1 course\TRPO\Lab-2-1\main.scala. Using presentation compiler with project's scala-library version: 3.3.5
2025.04.09 16:16:54 INFO  no build target found for C:\labs\MAGISTER\1 course\TRPO\Lab-2-1\main.scala. Using presentation compiler with project's scala-library version: 3.3.5
2025.04.09 16:16:54 INFO  no build target found for C:\labs\MAGISTER\1 course\TRPO\Lab-2-1\main.scala. Using presentation compiler with project's scala-library version: 3.3.5
2025.04.09 16:16:55 INFO  no build target found for C:\labs\MAGISTER\1 course\TRPO\Lab-2-1\main.scala. Using presentation compiler with project's scala-library version: 3.3.5
2025.04.09 16:16:56 INFO  no build target found for C:\labs\MAGISTER\1 course\TRPO\Lab-2-1\main.scala. Using presentation compiler with project's scala-library version: 3.3.5
2025.04.09 16:16:56 INFO  no build target found for C:\labs\MAGISTER\1 course\TRPO\Lab-2-1\main.scala. Using presentation compiler with project's scala-library version: 3.3.5
2025.04.09 16:16:56 INFO  no build target found for C:\labs\MAGISTER\1 course\TRPO\Lab-2-1\main.scala. Using presentation compiler with project's scala-library version: 3.3.5
2025.04.09 16:16:57 INFO  no build target found for C:\labs\MAGISTER\1 course\TRPO\Lab-2-1\main.scala. Using presentation compiler with project's scala-library version: 3.3.5
2025.04.09 16:16:57 INFO  no build target found for C:\labs\MAGISTER\1 course\TRPO\Lab-2-1\main.scala. Using presentation compiler with project's scala-library version: 3.3.5
2025.04.09 16:16:57 INFO  no build target found for C:\labs\MAGISTER\1 course\TRPO\Lab-2-1\main.scala. Using presentation compiler with project's scala-library version: 3.3.5
2025.04.09 16:16:57 INFO  no build target found for C:\labs\MAGISTER\1 course\TRPO\Lab-2-1\main.scala. Using presentation compiler with project's scala-library version: 3.3.5
2025.04.09 16:16:57 INFO  no build target found for C:\labs\MAGISTER\1 course\TRPO\Lab-2-1\main.scala. Using presentation compiler with project's scala-library version: 3.3.5
2025.04.09 16:16:58 INFO  no build target found for C:\labs\MAGISTER\1 course\TRPO\Lab-2-1\main.scala. Using presentation compiler with project's scala-library version: 3.3.5
2025.04.09 16:16:57 INFO  no build target found for C:\labs\MAGISTER\1 course\TRPO\Lab-2-1\main.scala. Using presentation compiler with project's scala-library version: 3.3.5
2025.04.09 16:16:57 INFO  no build target found for C:\labs\MAGISTER\1 course\TRPO\Lab-2-1\main.scala. Using presentation compiler with project's scala-library version: 3.3.5
2025.04.09 16:16:58 INFO  no build target found for C:\labs\MAGISTER\1 course\TRPO\Lab-2-1\main.scala. Using presentation compiler with project's scala-library version: 3.3.5
2025.04.09 16:16:58 INFO  no build target found for C:\labs\MAGISTER\1 course\TRPO\Lab-2-1\main.scala. Using presentation compiler with project's scala-library version: 3.3.5
2025.04.09 16:16:58 INFO  no build target found for C:\labs\MAGISTER\1 course\TRPO\Lab-2-1\main.scala. Using presentation compiler with project's scala-library version: 3.3.5
2025.04.09 16:16:58 INFO  no build target found for C:\labs\MAGISTER\1 course\TRPO\Lab-2-1\main.scala. Using presentation compiler with project's scala-library version: 3.3.5
2025.04.09 16:16:58 INFO  no build target found for C:\labs\MAGISTER\1 course\TRPO\Lab-2-1\main.scala. Using presentation compiler with project's scala-library version: 3.3.5
Р°РїСЂ. 09, 2025 4:16:59 PM org.eclipse.lsp4j.jsonrpc.RemoteEndpoint handleCancellation
WARNING: Unmatched cancel notification for request id 517
2025.04.09 16:16:58 INFO  no build target found for C:\labs\MAGISTER\1 course\TRPO\Lab-2-1\main.scala. Using presentation compiler with project's scala-library version: 3.3.5
2025.04.09 16:16:58 INFO  no build target found for C:\labs\MAGISTER\1 course\TRPO\Lab-2-1\main.scala. Using presentation compiler with project's scala-library version: 3.3.5
2025.04.09 16:16:58 INFO  no build target found for C:\labs\MAGISTER\1 course\TRPO\Lab-2-1\main.scala. Using presentation compiler with project's scala-library version: 3.3.5
2025.04.09 16:16:58 INFO  no build target found for C:\labs\MAGISTER\1 course\TRPO\Lab-2-1\main.scala. Using presentation compiler with project's scala-library version: 3.3.5
2025.04.09 16:16:59 INFO  no build target found for C:\labs\MAGISTER\1 course\TRPO\Lab-2-1\main.scala. Using presentation compiler with project's scala-library version: 3.3.5
2025.04.09 16:16:59 INFO  no build target found for C:\labs\MAGISTER\1 course\TRPO\Lab-2-1\main.scala. Using presentation compiler with project's scala-library version: 3.3.5
2025.04.09 16:16:59 INFO  no build target found for C:\labs\MAGISTER\1 course\TRPO\Lab-2-1\main.scala. Using presentation compiler with project's scala-library version: 3.3.5
2025.04.09 16:16:59 INFO  no build target found for C:\labs\MAGISTER\1 course\TRPO\Lab-2-1\main.scala. Using presentation compiler with project's scala-library version: 3.3.5
2025.04.09 16:17:00 INFO  no build target found for C:\labs\MAGISTER\1 course\TRPO\Lab-2-1\main.scala. Using presentation compiler with project's scala-library version: 3.3.5
2025.04.09 16:16:59 INFO  no build target found for C:\labs\MAGISTER\1 course\TRPO\Lab-2-1\main.scala. Using presentation compiler with project's scala-library version: 3.3.5
2025.04.09 16:16:59 INFO  no build target found for C:\labs\MAGISTER\1 course\TRPO\Lab-2-1\main.scala. Using presentation compiler with project's scala-library version: 3.3.5
2025.04.09 16:17:00 INFO  no build target found for C:\labs\MAGISTER\1 course\TRPO\Lab-2-1\main.scala. Using presentation compiler with project's scala-library version: 3.3.5
2025.04.09 16:17:00 INFO  no build target found for C:\labs\MAGISTER\1 course\TRPO\Lab-2-1\main.scala. Using presentation compiler with project's scala-library version: 3.3.5
2025.04.09 16:17:00 INFO  no build target found for C:\labs\MAGISTER\1 course\TRPO\Lab-2-1\main.scala. Using presentation compiler with project's scala-library version: 3.3.5
2025.04.09 16:17:01 INFO  no build target found for C:\labs\MAGISTER\1 course\TRPO\Lab-2-1\main.scala. Using presentation compiler with project's scala-library version: 3.3.5
2025.04.09 16:17:00 INFO  no build target found for C:\labs\MAGISTER\1 course\TRPO\Lab-2-1\main.scala. Using presentation compiler with project's scala-library version: 3.3.5
2025.04.09 16:17:00 INFO  no build target found for C:\labs\MAGISTER\1 course\TRPO\Lab-2-1\main.scala. Using presentation compiler with project's scala-library version: 3.3.5
2025.04.09 16:17:00 INFO  no build target found for C:\labs\MAGISTER\1 course\TRPO\Lab-2-1\main.scala. Using presentation compiler with project's scala-library version: 3.3.5
2025.04.09 16:17:01 INFO  no build target found for C:\labs\MAGISTER\1 course\TRPO\Lab-2-1\main.scala. Using presentation compiler with project's scala-library version: 3.3.5
2025.04.09 16:17:00 INFO  no build target found for C:\labs\MAGISTER\1 course\TRPO\Lab-2-1\main.scala. Using presentation compiler with project's scala-library version: 3.3.5
2025.04.09 16:17:01 INFO  no build target found for C:\labs\MAGISTER\1 course\TRPO\Lab-2-1\main.scala. Using presentation compiler with project's scala-library version: 3.3.5
2025.04.09 16:17:01 INFO  no build target found for C:\labs\MAGISTER\1 course\TRPO\Lab-2-1\main.scala. Using presentation compiler with project's scala-library version: 3.3.5
2025.04.09 16:17:01 INFO  no build target found for C:\labs\MAGISTER\1 course\TRPO\Lab-2-1\main.scala. Using presentation compiler with project's scala-library version: 3.3.5
2025.04.09 16:17:03 INFO  no build target found for C:\labs\MAGISTER\1 course\TRPO\Lab-2-1\main.scala. Using presentation compiler with project's scala-library version: 3.3.5
2025.04.09 16:17:03 INFO  no build target found for C:\labs\MAGISTER\1 course\TRPO\Lab-2-1\main.scala. Using presentation compiler with project's scala-library version: 3.3.5
2025.04.09 16:17:03 INFO  no build target found for C:\labs\MAGISTER\1 course\TRPO\Lab-2-1\main.scala. Using presentation compiler with project's scala-library version: 3.3.5
2025.04.09 16:17:04 INFO  no build target found for C:\labs\MAGISTER\1 course\TRPO\Lab-2-1\main.scala. Using presentation compiler with project's scala-library version: 3.3.5
2025.04.09 16:17:04 INFO  no build target found for C:\labs\MAGISTER\1 course\TRPO\Lab-2-1\main.scala. Using presentation compiler with project's scala-library version: 3.3.5
2025.04.09 16:17:04 INFO  no build target found for C:\labs\MAGISTER\1 course\TRPO\Lab-2-1\main.scala. Using presentation compiler with project's scala-library version: 3.3.5
2025.04.09 16:17:04 INFO  no build target found for C:\labs\MAGISTER\1 course\TRPO\Lab-2-1\main.scala. Using presentation compiler with project's scala-library version: 3.3.5
2025.04.09 16:17:05 INFO  no build target found for C:\labs\MAGISTER\1 course\TRPO\Lab-2-1\main.scala. Using presentation compiler with project's scala-library version: 3.3.5
2025.04.09 16:17:04 INFO  no build target found for C:\labs\MAGISTER\1 course\TRPO\Lab-2-1\main.scala. Using presentation compiler with project's scala-library version: 3.3.5
2025.04.09 16:17:05 INFO  no build target found for C:\labs\MAGISTER\1 course\TRPO\Lab-2-1\main.scala. Using presentation compiler with project's scala-library version: 3.3.5
2025.04.09 16:17:05 INFO  no build target found for C:\labs\MAGISTER\1 course\TRPO\Lab-2-1\main.scala. Using presentation compiler with project's scala-library version: 3.3.5
2025.04.09 16:17:05 INFO  no build target found for C:\labs\MAGISTER\1 course\TRPO\Lab-2-1\main.scala. Using presentation compiler with project's scala-library version: 3.3.5
2025.04.09 16:17:05 INFO  no build target found for C:\labs\MAGISTER\1 course\TRPO\Lab-2-1\main.scala. Using presentation compiler with project's scala-library version: 3.3.5
2025.04.09 16:17:05 INFO  no build target found for C:\labs\MAGISTER\1 course\TRPO\Lab-2-1\main.scala. Using presentation compiler with project's scala-library version: 3.3.5
2025.04.09 16:17:05 INFO  no build target found for C:\labs\MAGISTER\1 course\TRPO\Lab-2-1\main.scala. Using presentation compiler with project's scala-library version: 3.3.5
2025.04.09 16:17:06 INFO  no build target found for C:\labs\MAGISTER\1 course\TRPO\Lab-2-1\main.scala. Using presentation compiler with project's scala-library version: 3.3.5
2025.04.09 16:17:05 INFO  no build target found for C:\labs\MAGISTER\1 course\TRPO\Lab-2-1\main.scala. Using presentation compiler with project's scala-library version: 3.3.5
2025.04.09 16:17:06 INFO  no build target found for C:\labs\MAGISTER\1 course\TRPO\Lab-2-1\main.scala. Using presentation compiler with project's scala-library version: 3.3.5
2025.04.09 16:17:06 INFO  no build target found for C:\labs\MAGISTER\1 course\TRPO\Lab-2-1\main.scala. Using presentation compiler with project's scala-library version: 3.3.5
2025.04.09 16:17:06 INFO  no build target found for C:\labs\MAGISTER\1 course\TRPO\Lab-2-1\main.scala. Using presentation compiler with project's scala-library version: 3.3.5
2025.04.09 16:17:06 INFO  no build target found for C:\labs\MAGISTER\1 course\TRPO\Lab-2-1\main.scala. Using presentation compiler with project's scala-library version: 3.3.5
2025.04.09 16:17:06 INFO  no build target found for C:\labs\MAGISTER\1 course\TRPO\Lab-2-1\main.scala. Using presentation compiler with project's scala-library version: 3.3.5
2025.04.09 16:17:06 INFO  no build target found for C:\labs\MAGISTER\1 course\TRPO\Lab-2-1\main.scala. Using presentation compiler with project's scala-library version: 3.3.5
2025.04.09 16:17:08 INFO  no build target found for C:\labs\MAGISTER\1 course\TRPO\Lab-2-1\main.scala. Using presentation compiler with project's scala-library version: 3.3.5
2025.04.09 16:17:08 INFO  no build target found for C:\labs\MAGISTER\1 course\TRPO\Lab-2-1\main.scala. Using presentation compiler with project's scala-library version: 3.3.5
2025.04.09 16:17:08 INFO  no build target found for C:\labs\MAGISTER\1 course\TRPO\Lab-2-1\main.scala. Using presentation compiler with project's scala-library version: 3.3.5
2025.04.09 16:17:08 ERROR Timeout waiting for 'build/initialize' response
2025.04.09 16:17:08 WARN  Retrying connection to the build server scala
2025.04.09 16:17:08 INFO  Running BSP server List(C:\Users\evgen\AppData\Local\Coursier\cache\arc\https\github.com\scala\scala3\releases\download\3.6.4\scala3-3.6.4-x86_64-pc-win32.zip\scala3-3.6.4-x86_64-pc-win32\libexec\scala-cli.exe, --cli-default-scala-version, 3.6.4, --repository, file:///C:/Users/evgen/AppData/Local/Coursier/cache/arc/https/github.com/scala/scala3/releases/download/3.6.4/scala3-3.6.4-x86_64-pc-win32.zip/scala3-3.6.4-x86_64-pc-win32/maven2, --prog-name, scala, --skip-cli-updates, bsp, --json-options, c:\labs\MAGISTER\1 course\TRPO\Lab-2-1\.scala-build\ide-options-v2.json, --json-launcher-options, c:\labs\MAGISTER\1 course\TRPO\Lab-2-1\.scala-build\ide-launcher-options.json, --envs-file, c:\labs\MAGISTER\1 course\TRPO\Lab-2-1\.scala-build\ide-envs.json, c:\labs\MAGISTER\1 course\TRPO\Lab-2-1\hello.scala)
2025.04.09 16:17:08 INFO  no build target found for C:\labs\MAGISTER\1 course\TRPO\Lab-2-1\main.scala. Using presentation compiler with project's scala-library version: 3.3.5
2025.04.09 16:17:08 INFO  no build target found for C:\labs\MAGISTER\1 course\TRPO\Lab-2-1\main.scala. Using presentation compiler with project's scala-library version: 3.3.5
2025.04.09 16:17:08 INFO  no build target found for C:\labs\MAGISTER\1 course\TRPO\Lab-2-1\main.scala. Using presentation compiler with project's scala-library version: 3.3.5
2025.04.09 16:17:09 INFO  no build target found for C:\labs\MAGISTER\1 course\TRPO\Lab-2-1\main.scala. Using presentation compiler with project's scala-library version: 3.3.5
2025.04.09 16:17:08 INFO  no build target found for C:\labs\MAGISTER\1 course\TRPO\Lab-2-1\main.scala. Using presentation compiler with project's scala-library version: 3.3.5
2025.04.09 16:17:08 INFO  tracing is disabled for protocol BSP, to enable tracing of incoming and outgoing JSON messages create an empty file at C:\labs\MAGISTER\1 course\TRPO\Lab-2-1\.metals\bsp.trace.json or C:\Users\evgen\AppData\Local\scalameta\metals\cache\bsp.trace.json
2025.04.09 16:17:09 INFO  BSP server: Error: java.nio.file.NoSuchFileException: c:\labs\MAGISTER\1 course\TRPO\Lab-2-1\hello.scala
2025.04.09 16:17:09 INFO  BSP server: For more details, please see 'c:\labs\MAGISTER\1 course\TRPO\Lab-2-1\.scala-build\stacktraces\1744190229-5144152615255811074.log'
2025.04.09 16:17:09 INFO  no build target found for C:\labs\MAGISTER\1 course\TRPO\Lab-2-1\main.scala. Using presentation compiler with project's scala-library version: 3.3.5
2025.04.09 16:17:08 INFO  no build target found for C:\labs\MAGISTER\1 course\TRPO\Lab-2-1\main.scala. Using presentation compiler with project's scala-library version: 3.3.5
2025.04.09 16:17:09 INFO  no build target found for C:\labs\MAGISTER\1 course\TRPO\Lab-2-1\main.scala. Using presentation compiler with project's scala-library version: 3.3.5
2025.04.09 16:17:11 INFO  no build target found for C:\labs\MAGISTER\1 course\TRPO\Lab-2-1\main.scala. Using presentation compiler with project's scala-library version: 3.3.5
2025.04.09 16:17:11 INFO  no build target found for C:\labs\MAGISTER\1 course\TRPO\Lab-2-1\main.scala. Using presentation compiler with project's scala-library version: 3.3.5
2025.04.09 16:17:11 INFO  no build target found for C:\labs\MAGISTER\1 course\TRPO\Lab-2-1\main.scala. Using presentation compiler with project's scala-library version: 3.3.5
2025.04.09 16:17:11 INFO  no build target found for C:\labs\MAGISTER\1 course\TRPO\Lab-2-1\main.scala. Using presentation compiler with project's scala-library version: 3.3.5
2025.04.09 16:17:11 INFO  no build target found for C:\labs\MAGISTER\1 course\TRPO\Lab-2-1\main.scala. Using presentation compiler with project's scala-library version: 3.3.5
2025.04.09 16:17:11 INFO  no build target found for C:\labs\MAGISTER\1 course\TRPO\Lab-2-1\main.scala. Using presentation compiler with project's scala-library version: 3.3.5
2025.04.09 16:17:12 INFO  no build target found for C:\labs\MAGISTER\1 course\TRPO\Lab-2-1\main.scala. Using presentation compiler with project's scala-library version: 3.3.5
2025.04.09 16:17:11 INFO  no build target found for C:\labs\MAGISTER\1 course\TRPO\Lab-2-1\main.scala. Using presentation compiler with project's scala-library version: 3.3.5
2025.04.09 16:17:12 INFO  no build target found for C:\labs\MAGISTER\1 course\TRPO\Lab-2-1\main.scala. Using presentation compiler with project's scala-library version: 3.3.5
2025.04.09 16:17:12 INFO  no build target found for C:\labs\MAGISTER\1 course\TRPO\Lab-2-1\main.scala. Using presentation compiler with project's scala-library version: 3.3.5
2025.04.09 16:17:12 INFO  no build target found for C:\labs\MAGISTER\1 course\TRPO\Lab-2-1\main.scala. Using presentation compiler with project's scala-library version: 3.3.5
2025.04.09 16:17:12 WARN  no build target for: C:\labs\MAGISTER\1 course\TRPO\Lab-2-1\main.scala
2025.04.09 16:17:13 INFO  no build target found for C:\labs\MAGISTER\1 course\TRPO\Lab-2-1\main.scala. Using presentation compiler with project's scala-library version: 3.3.5
2025.04.09 16:17:21 INFO  no build target found for C:\labs\MAGISTER\1 course\TRPO\Lab-2-1\main.scala. Using presentation compiler with project's scala-library version: 3.3.5
2025.04.09 16:17:21 INFO  no build target found for C:\labs\MAGISTER\1 course\TRPO\Lab-2-1\main.scala. Using presentation compiler with project's scala-library version: 3.3.5
2025.04.09 16:17:22 INFO  no build target found for C:\labs\MAGISTER\1 course\TRPO\Lab-2-1\main.scala. Using presentation compiler with project's scala-library version: 3.3.5
2025.04.09 16:17:22 INFO  no build target found for C:\labs\MAGISTER\1 course\TRPO\Lab-2-1\main.scala. Using presentation compiler with project's scala-library version: 3.3.5
2025.04.09 16:17:22 INFO  no build target found for C:\labs\MAGISTER\1 course\TRPO\Lab-2-1\main.scala. Using presentation compiler with project's scala-library version: 3.3.5
2025.04.09 16:17:22 INFO  no build target found for C:\labs\MAGISTER\1 course\TRPO\Lab-2-1\main.scala. Using presentation compiler with project's scala-library version: 3.3.5
2025.04.09 16:17:23 INFO  no build target found for C:\labs\MAGISTER\1 course\TRPO\Lab-2-1\main.scala. Using presentation compiler with project's scala-library version: 3.3.5
2025.04.09 16:17:23 INFO  no build target found for C:\labs\MAGISTER\1 course\TRPO\Lab-2-1\main.scala. Using presentation compiler with project's scala-library version: 3.3.5
2025.04.09 16:17:23 INFO  no build target found for C:\labs\MAGISTER\1 course\TRPO\Lab-2-1\main.scala. Using presentation compiler with project's scala-library version: 3.3.5
2025.04.09 16:17:24 INFO  no build target found for C:\labs\MAGISTER\1 course\TRPO\Lab-2-1\main.scala. Using presentation compiler with project's scala-library version: 3.3.5
2025.04.09 16:17:24 INFO  no build target found for C:\labs\MAGISTER\1 course\TRPO\Lab-2-1\main.scala. Using presentation compiler with project's scala-library version: 3.3.5
2025.04.09 16:17:24 INFO  no build target found for C:\labs\MAGISTER\1 course\TRPO\Lab-2-1\main.scala. Using presentation compiler with project's scala-library version: 3.3.5
Р°РїСЂ. 09, 2025 4:17:24 PM org.eclipse.lsp4j.jsonrpc.RemoteEndpoint handleCancellation
WARNING: Unmatched cancel notification for request id 656
2025.04.09 16:17:24 INFO  no build target found for C:\labs\MAGISTER\1 course\TRPO\Lab-2-1\main.scala. Using presentation compiler with project's scala-library version: 3.3.5
Р°РїСЂ. 09, 2025 4:17:24 PM scala.meta.internal.metals.StdReporter $anonfun$create$1
WARNING: empty definition using pc, found symbol in pc: `<none>`. (full report at: C:\labs\MAGISTER\1 course\TRPO\Lab-2-1\.metals\.reports\metals-full\2025-04-09\r_empty-definition_13-39-13-827.md)
2025.04.09 16:17:24 INFO  no build target found for C:\labs\MAGISTER\1 course\TRPO\Lab-2-1\main.scala. Using presentation compiler with project's scala-library version: 3.3.5
2025.04.09 16:17:24 INFO  no build target found for C:\labs\MAGISTER\1 course\TRPO\Lab-2-1\main.scala. Using presentation compiler with project's scala-library version: 3.3.5
2025.04.09 16:17:24 INFO  no build target found for C:\labs\MAGISTER\1 course\TRPO\Lab-2-1\main.scala. Using presentation compiler with project's scala-library version: 3.3.5
2025.04.09 16:17:24 INFO  no build target found for C:\labs\MAGISTER\1 course\TRPO\Lab-2-1\main.scala. Using presentation compiler with project's scala-library version: 3.3.5
2025.04.09 16:17:24 INFO  no build target found for C:\labs\MAGISTER\1 course\TRPO\Lab-2-1\main.scala. Using presentation compiler with project's scala-library version: 3.3.5
2025.04.09 16:17:25 INFO  no build target found for C:\labs\MAGISTER\1 course\TRPO\Lab-2-1\main.scala. Using presentation compiler with project's scala-library version: 3.3.5
2025.04.09 16:17:24 INFO  no build target found for C:\labs\MAGISTER\1 course\TRPO\Lab-2-1\main.scala. Using presentation compiler with project's scala-library version: 3.3.5
2025.04.09 16:17:25 INFO  no build target found for C:\labs\MAGISTER\1 course\TRPO\Lab-2-1\main.scala. Using presentation compiler with project's scala-library version: 3.3.5
2025.04.09 16:17:24 INFO  no build target found for C:\labs\MAGISTER\1 course\TRPO\Lab-2-1\main.scala. Using presentation compiler with project's scala-library version: 3.3.5
2025.04.09 16:17:25 INFO  no build target found for C:\labs\MAGISTER\1 course\TRPO\Lab-2-1\main.scala. Using presentation compiler with project's scala-library version: 3.3.5
Р°РїСЂ. 09, 2025 4:17:25 PM scala.meta.internal.metals.StdReporter $anonfun$create$1
WARNING: empty definition using pc, found symbol in pc: scala/collection/immutable/List#foreach(). (full report at: C:\labs\MAGISTER\1 course\TRPO\Lab-2-1\.metals\.reports\metals-full\2025-04-09\r_empty-definition_16-17-25-816.md)
2025.04.09 16:17:27 INFO  no build target found for C:\labs\MAGISTER\1 course\TRPO\Lab-2-1\main.scala. Using presentation compiler with project's scala-library version: 3.3.5
2025.04.09 16:17:29 INFO  no build target found for C:\labs\MAGISTER\1 course\TRPO\Lab-2-1\main.scala. Using presentation compiler with project's scala-library version: 3.3.5
2025.04.09 16:17:30 INFO  no build target found for C:\labs\MAGISTER\1 course\TRPO\Lab-2-1\main.scala. Using presentation compiler with project's scala-library version: 3.3.5
2025.04.09 16:17:30 INFO  no build target found for C:\labs\MAGISTER\1 course\TRPO\Lab-2-1\main.scala. Using presentation compiler with project's scala-library version: 3.3.5
2025.04.09 16:17:30 INFO  no build target found for C:\labs\MAGISTER\1 course\TRPO\Lab-2-1\main.scala. Using presentation compiler with project's scala-library version: 3.3.5
2025.04.09 16:17:30 INFO  no build target found for C:\labs\MAGISTER\1 course\TRPO\Lab-2-1\main.scala. Using presentation compiler with project's scala-library version: 3.3.5
2025.04.09 16:17:32 INFO  no build target found for C:\labs\MAGISTER\1 course\TRPO\Lab-2-1\main.scala. Using presentation compiler with project's scala-library version: 3.3.5
2025.04.09 16:17:33 INFO  no build target found for C:\labs\MAGISTER\1 course\TRPO\Lab-2-1\main.scala. Using presentation compiler with project's scala-library version: 3.3.5
2025.04.09 16:17:33 INFO  no build target found for C:\labs\MAGISTER\1 course\TRPO\Lab-2-1\main.scala. Using presentation compiler with project's scala-library version: 3.3.5
2025.04.09 16:17:33 INFO  no build target found for C:\labs\MAGISTER\1 course\TRPO\Lab-2-1\main.scala. Using presentation compiler with project's scala-library version: 3.3.5
2025.04.09 16:17:33 INFO  no build target found for C:\labs\MAGISTER\1 course\TRPO\Lab-2-1\main.scala. Using presentation compiler with project's scala-library version: 3.3.5
2025.04.09 16:17:33 INFO  no build target found for C:\labs\MAGISTER\1 course\TRPO\Lab-2-1\main.scala. Using presentation compiler with project's scala-library version: 3.3.5
2025.04.09 16:17:33 INFO  no build target found for C:\labs\MAGISTER\1 course\TRPO\Lab-2-1\main.scala. Using presentation compiler with project's scala-library version: 3.3.5
2025.04.09 16:17:33 INFO  no build target found for C:\labs\MAGISTER\1 course\TRPO\Lab-2-1\main.scala. Using presentation compiler with project's scala-library version: 3.3.5
2025.04.09 16:17:33 INFO  no build target found for C:\labs\MAGISTER\1 course\TRPO\Lab-2-1\main.scala. Using presentation compiler with project's scala-library version: 3.3.5
Р°РїСЂ. 09, 2025 4:17:34 PM scala.meta.internal.metals.StdReporter $anonfun$create$1
WARNING: empty definition using pc, found symbol in pc: `<none>`. (full report at: C:\labs\MAGISTER\1 course\TRPO\Lab-2-1\.metals\.reports\metals-full\2025-04-09\r_empty-definition_13-39-13-827.md)
2025.04.09 16:17:35 INFO  no build target found for C:\labs\MAGISTER\1 course\TRPO\Lab-2-1\main.scala. Using presentation compiler with project's scala-library version: 3.3.5
2025.04.09 16:17:35 INFO  no build target found for C:\labs\MAGISTER\1 course\TRPO\Lab-2-1\main.scala. Using presentation compiler with project's scala-library version: 3.3.5
2025.04.09 16:17:35 INFO  no build target found for C:\labs\MAGISTER\1 course\TRPO\Lab-2-1\main.scala. Using presentation compiler with project's scala-library version: 3.3.5
2025.04.09 16:17:35 INFO  no build target found for C:\labs\MAGISTER\1 course\TRPO\Lab-2-1\main.scala. Using presentation compiler with project's scala-library version: 3.3.5
2025.04.09 16:17:36 INFO  no build target found for C:\labs\MAGISTER\1 course\TRPO\Lab-2-1\main.scala. Using presentation compiler with project's scala-library version: 3.3.5
2025.04.09 16:17:36 INFO  no build target found for C:\labs\MAGISTER\1 course\TRPO\Lab-2-1\main.scala. Using presentation compiler with project's scala-library version: 3.3.5
2025.04.09 16:17:36 INFO  no build target found for C:\labs\MAGISTER\1 course\TRPO\Lab-2-1\main.scala. Using presentation compiler with project's scala-library version: 3.3.5
2025.04.09 16:17:36 INFO  no build target found for C:\labs\MAGISTER\1 course\TRPO\Lab-2-1\main.scala. Using presentation compiler with project's scala-library version: 3.3.5
2025.04.09 16:17:37 INFO  no build target found for C:\labs\MAGISTER\1 course\TRPO\Lab-2-1\main.scala. Using presentation compiler with project's scala-library version: 3.3.5
2025.04.09 16:17:37 INFO  no build target found for C:\labs\MAGISTER\1 course\TRPO\Lab-2-1\main.scala. Using presentation compiler with project's scala-library version: 3.3.5
2025.04.09 16:17:37 INFO  no build target found for C:\labs\MAGISTER\1 course\TRPO\Lab-2-1\main.scala. Using presentation compiler with project's scala-library version: 3.3.5
2025.04.09 16:17:37 INFO  no build target found for C:\labs\MAGISTER\1 course\TRPO\Lab-2-1\main.scala. Using presentation compiler with project's scala-library version: 3.3.5
2025.04.09 16:17:39 INFO  no build target found for C:\labs\MAGISTER\1 course\TRPO\Lab-2-1\main.scala. Using presentation compiler with project's scala-library version: 3.3.5
2025.04.09 16:17:39 INFO  no build target found for C:\labs\MAGISTER\1 course\TRPO\Lab-2-1\main.scala. Using presentation compiler with project's scala-library version: 3.3.5
2025.04.09 16:17:40 INFO  no build target found for C:\labs\MAGISTER\1 course\TRPO\Lab-2-1\main.scala. Using presentation compiler with project's scala-library version: 3.3.5
2025.04.09 16:17:40 INFO  no build target found for C:\labs\MAGISTER\1 course\TRPO\Lab-2-1\main.scala. Using presentation compiler with project's scala-library version: 3.3.5
2025.04.09 16:17:39 INFO  no build target found for C:\labs\MAGISTER\1 course\TRPO\Lab-2-1\main.scala. Using presentation compiler with project's scala-library version: 3.3.5
2025.04.09 16:17:39 INFO  no build target found for C:\labs\MAGISTER\1 course\TRPO\Lab-2-1\main.scala. Using presentation compiler with project's scala-library version: 3.3.5
2025.04.09 16:17:39 INFO  no build target found for C:\labs\MAGISTER\1 course\TRPO\Lab-2-1\main.scala. Using presentation compiler with project's scala-library version: 3.3.5
2025.04.09 16:17:40 INFO  no build target found for C:\labs\MAGISTER\1 course\TRPO\Lab-2-1\main.scala. Using presentation compiler with project's scala-library version: 3.3.5
2025.04.09 16:17:40 INFO  no build target found for C:\labs\MAGISTER\1 course\TRPO\Lab-2-1\main.scala. Using presentation compiler with project's scala-library version: 3.3.5
2025.04.09 16:17:40 INFO  no build target found for C:\labs\MAGISTER\1 course\TRPO\Lab-2-1\main.scala. Using presentation compiler with project's scala-library version: 3.3.5
2025.04.09 16:17:40 INFO  no build target found for C:\labs\MAGISTER\1 course\TRPO\Lab-2-1\main.scala. Using presentation compiler with project's scala-library version: 3.3.5
2025.04.09 16:17:40 INFO  no build target found for C:\labs\MAGISTER\1 course\TRPO\Lab-2-1\main.scala. Using presentation compiler with project's scala-library version: 3.3.5
2025.04.09 16:17:41 INFO  no build target found for C:\labs\MAGISTER\1 course\TRPO\Lab-2-1\main.scala. Using presentation compiler with project's scala-library version: 3.3.5
2025.04.09 16:17:41 INFO  no build target found for C:\labs\MAGISTER\1 course\TRPO\Lab-2-1\main.scala. Using presentation compiler with project's scala-library version: 3.3.5
2025.04.09 16:17:41 INFO  no build target found for C:\labs\MAGISTER\1 course\TRPO\Lab-2-1\main.scala. Using presentation compiler with project's scala-library version: 3.3.5
2025.04.09 16:17:42 INFO  no build target found for C:\labs\MAGISTER\1 course\TRPO\Lab-2-1\main.scala. Using presentation compiler with project's scala-library version: 3.3.5
2025.04.09 16:17:41 INFO  no build target found for C:\labs\MAGISTER\1 course\TRPO\Lab-2-1\main.scala. Using presentation compiler with project's scala-library version: 3.3.5
2025.04.09 16:17:41 INFO  no build target found for C:\labs\MAGISTER\1 course\TRPO\Lab-2-1\main.scala. Using presentation compiler with project's scala-library version: 3.3.5
2025.04.09 16:17:41 INFO  no build target found for C:\labs\MAGISTER\1 course\TRPO\Lab-2-1\main.scala. Using presentation compiler with project's scala-library version: 3.3.5
2025.04.09 16:17:42 INFO  no build target found for C:\labs\MAGISTER\1 course\TRPO\Lab-2-1\main.scala. Using presentation compiler with project's scala-library version: 3.3.5
2025.04.09 16:17:43 INFO  no build target found for C:\labs\MAGISTER\1 course\TRPO\Lab-2-1\main.scala. Using presentation compiler with project's scala-library version: 3.3.5
2025.04.09 16:17:42 INFO  no build target found for C:\labs\MAGISTER\1 course\TRPO\Lab-2-1\main.scala. Using presentation compiler with project's scala-library version: 3.3.5
2025.04.09 16:17:42 INFO  no build target found for C:\labs\MAGISTER\1 course\TRPO\Lab-2-1\main.scala. Using presentation compiler with project's scala-library version: 3.3.5
2025.04.09 16:17:43 INFO  no build target found for C:\labs\MAGISTER\1 course\TRPO\Lab-2-1\main.scala. Using presentation compiler with project's scala-library version: 3.3.5
2025.04.09 16:17:42 INFO  no build target found for C:\labs\MAGISTER\1 course\TRPO\Lab-2-1\main.scala. Using presentation compiler with project's scala-library version: 3.3.5
2025.04.09 16:17:44 INFO  no build target found for C:\labs\MAGISTER\1 course\TRPO\Lab-2-1\main.scala. Using presentation compiler with project's scala-library version: 3.3.5
2025.04.09 16:17:44 INFO  no build target found for C:\labs\MAGISTER\1 course\TRPO\Lab-2-1\main.scala. Using presentation compiler with project's scala-library version: 3.3.5
2025.04.09 16:17:45 INFO  no build target found for C:\labs\MAGISTER\1 course\TRPO\Lab-2-1\main.scala. Using presentation compiler with project's scala-library version: 3.3.5
2025.04.09 16:17:45 INFO  no build target found for C:\labs\MAGISTER\1 course\TRPO\Lab-2-1\main.scala. Using presentation compiler with project's scala-library version: 3.3.5
2025.04.09 16:17:47 INFO  no build target found for C:\labs\MAGISTER\1 course\TRPO\Lab-2-1\main.scala. Using presentation compiler with project's scala-library version: 3.3.5
2025.04.09 16:17:47 INFO  no build target found for C:\labs\MAGISTER\1 course\TRPO\Lab-2-1\main.scala. Using presentation compiler with project's scala-library version: 3.3.5
2025.04.09 16:17:47 INFO  no build target found for C:\labs\MAGISTER\1 course\TRPO\Lab-2-1\main.scala. Using presentation compiler with project's scala-library version: 3.3.5
2025.04.09 16:17:47 INFO  no build target found for C:\labs\MAGISTER\1 course\TRPO\Lab-2-1\main.scala. Using presentation compiler with project's scala-library version: 3.3.5
2025.04.09 16:17:47 INFO  no build target found for C:\labs\MAGISTER\1 course\TRPO\Lab-2-1\main.scala. Using presentation compiler with project's scala-library version: 3.3.5
2025.04.09 16:17:48 INFO  no build target found for C:\labs\MAGISTER\1 course\TRPO\Lab-2-1\main.scala. Using presentation compiler with project's scala-library version: 3.3.5
2025.04.09 16:17:48 INFO  no build target found for C:\labs\MAGISTER\1 course\TRPO\Lab-2-1\main.scala. Using presentation compiler with project's scala-library version: 3.3.5
2025.04.09 16:17:48 INFO  no build target found for C:\labs\MAGISTER\1 course\TRPO\Lab-2-1\main.scala. Using presentation compiler with project's scala-library version: 3.3.5
2025.04.09 16:17:49 INFO  no build target found for C:\labs\MAGISTER\1 course\TRPO\Lab-2-1\main.scala. Using presentation compiler with project's scala-library version: 3.3.5
2025.04.09 16:17:49 INFO  no build target found for C:\labs\MAGISTER\1 course\TRPO\Lab-2-1\main.scala. Using presentation compiler with project's scala-library version: 3.3.5
2025.04.09 16:17:49 INFO  no build target found for C:\labs\MAGISTER\1 course\TRPO\Lab-2-1\main.scala. Using presentation compiler with project's scala-library version: 3.3.5
2025.04.09 16:17:49 INFO  no build target found for C:\labs\MAGISTER\1 course\TRPO\Lab-2-1\main.scala. Using presentation compiler with project's scala-library version: 3.3.5
2025.04.09 16:17:50 INFO  no build target found for C:\labs\MAGISTER\1 course\TRPO\Lab-2-1\main.scala. Using presentation compiler with project's scala-library version: 3.3.5
2025.04.09 16:17:50 INFO  no build target found for C:\labs\MAGISTER\1 course\TRPO\Lab-2-1\main.scala. Using presentation compiler with project's scala-library version: 3.3.5
2025.04.09 16:17:50 INFO  no build target found for C:\labs\MAGISTER\1 course\TRPO\Lab-2-1\main.scala. Using presentation compiler with project's scala-library version: 3.3.5
2025.04.09 16:17:50 INFO  no build target found for C:\labs\MAGISTER\1 course\TRPO\Lab-2-1\main.scala. Using presentation compiler with project's scala-library version: 3.3.5
2025.04.09 16:17:50 INFO  no build target found for C:\labs\MAGISTER\1 course\TRPO\Lab-2-1\main.scala. Using presentation compiler with project's scala-library version: 3.3.5
2025.04.09 16:17:50 INFO  no build target found for C:\labs\MAGISTER\1 course\TRPO\Lab-2-1\main.scala. Using presentation compiler with project's scala-library version: 3.3.5
2025.04.09 16:17:51 INFO  no build target found for C:\labs\MAGISTER\1 course\TRPO\Lab-2-1\main.scala. Using presentation compiler with project's scala-library version: 3.3.5
2025.04.09 16:17:52 INFO  no build target found for C:\labs\MAGISTER\1 course\TRPO\Lab-2-1\main.scala. Using presentation compiler with project's scala-library version: 3.3.5
2025.04.09 16:17:51 INFO  no build target found for C:\labs\MAGISTER\1 course\TRPO\Lab-2-1\main.scala. Using presentation compiler with project's scala-library version: 3.3.5
2025.04.09 16:17:52 INFO  no build target found for C:\labs\MAGISTER\1 course\TRPO\Lab-2-1\main.scala. Using presentation compiler with project's scala-library version: 3.3.5
2025.04.09 16:17:53 INFO  no build target found for C:\labs\MAGISTER\1 course\TRPO\Lab-2-1\main.scala. Using presentation compiler with project's scala-library version: 3.3.5
2025.04.09 16:17:53 INFO  no build target found for C:\labs\MAGISTER\1 course\TRPO\Lab-2-1\main.scala. Using presentation compiler with project's scala-library version: 3.3.5
2025.04.09 16:17:53 INFO  no build target found for C:\labs\MAGISTER\1 course\TRPO\Lab-2-1\main.scala. Using presentation compiler with project's scala-library version: 3.3.5
2025.04.09 16:17:53 INFO  no build target found for C:\labs\MAGISTER\1 course\TRPO\Lab-2-1\main.scala. Using presentation compiler with project's scala-library version: 3.3.5
2025.04.09 16:17:53 INFO  no build target found for C:\labs\MAGISTER\1 course\TRPO\Lab-2-1\main.scala. Using presentation compiler with project's scala-library version: 3.3.5
2025.04.09 16:17:54 INFO  no build target found for C:\labs\MAGISTER\1 course\TRPO\Lab-2-1\main.scala. Using presentation compiler with project's scala-library version: 3.3.5
2025.04.09 16:17:54 INFO  no build target found for C:\labs\MAGISTER\1 course\TRPO\Lab-2-1\main.scala. Using presentation compiler with project's scala-library version: 3.3.5
2025.04.09 16:17:54 INFO  no build target found for C:\labs\MAGISTER\1 course\TRPO\Lab-2-1\main.scala. Using presentation compiler with project's scala-library version: 3.3.5
2025.04.09 16:17:54 INFO  no build target found for C:\labs\MAGISTER\1 course\TRPO\Lab-2-1\main.scala. Using presentation compiler with project's scala-library version: 3.3.5
2025.04.09 16:17:54 INFO  no build target found for C:\labs\MAGISTER\1 course\TRPO\Lab-2-1\main.scala. Using presentation compiler with project's scala-library version: 3.3.5
2025.04.09 16:17:54 INFO  no build target found for C:\labs\MAGISTER\1 course\TRPO\Lab-2-1\main.scala. Using presentation compiler with project's scala-library version: 3.3.5
2025.04.09 16:17:54 INFO  no build target found for C:\labs\MAGISTER\1 course\TRPO\Lab-2-1\main.scala. Using presentation compiler with project's scala-library version: 3.3.5
2025.04.09 16:17:54 INFO  no build target found for C:\labs\MAGISTER\1 course\TRPO\Lab-2-1\main.scala. Using presentation compiler with project's scala-library version: 3.3.5
2025.04.09 16:17:55 INFO  no build target found for C:\labs\MAGISTER\1 course\TRPO\Lab-2-1\main.scala. Using presentation compiler with project's scala-library version: 3.3.5
2025.04.09 16:17:55 INFO  no build target found for C:\labs\MAGISTER\1 course\TRPO\Lab-2-1\main.scala. Using presentation compiler with project's scala-library version: 3.3.5
2025.04.09 16:17:55 INFO  no build target found for C:\labs\MAGISTER\1 course\TRPO\Lab-2-1\main.scala. Using presentation compiler with project's scala-library version: 3.3.5
2025.04.09 16:17:56 INFO  no build target found for C:\labs\MAGISTER\1 course\TRPO\Lab-2-1\main.scala. Using presentation compiler with project's scala-library version: 3.3.5
2025.04.09 16:17:56 WARN  no build target for: C:\labs\MAGISTER\1 course\TRPO\Lab-2-1\main.scala
2025.04.09 16:17:56 INFO  no build target found for C:\labs\MAGISTER\1 course\TRPO\Lab-2-1\main.scala. Using presentation compiler with project's scala-library version: 3.3.5
2025.04.09 16:17:58 INFO  no build target found for C:\labs\MAGISTER\1 course\TRPO\Lab-2-1\main.scala. Using presentation compiler with project's scala-library version: 3.3.5
2025.04.09 16:17:58 INFO  no build target found for C:\labs\MAGISTER\1 course\TRPO\Lab-2-1\main.scala. Using presentation compiler with project's scala-library version: 3.3.5
2025.04.09 16:17:58 INFO  no build target found for C:\labs\MAGISTER\1 course\TRPO\Lab-2-1\main.scala. Using presentation compiler with project's scala-library version: 3.3.5
2025.04.09 16:17:58 INFO  no build target found for C:\labs\MAGISTER\1 course\TRPO\Lab-2-1\main.scala. Using presentation compiler with project's scala-library version: 3.3.5
2025.04.09 16:17:58 INFO  no build target found for C:\labs\MAGISTER\1 course\TRPO\Lab-2-1\main.scala. Using presentation compiler with project's scala-library version: 3.3.5
2025.04.09 16:17:58 INFO  no build target found for C:\labs\MAGISTER\1 course\TRPO\Lab-2-1\main.scala. Using presentation compiler with project's scala-library version: 3.3.5
2025.04.09 16:17:59 INFO  no build target found for C:\labs\MAGISTER\1 course\TRPO\Lab-2-1\main.scala. Using presentation compiler with project's scala-library version: 3.3.5
2025.04.09 16:17:59 INFO  no build target found for C:\labs\MAGISTER\1 course\TRPO\Lab-2-1\main.scala. Using presentation compiler with project's scala-library version: 3.3.5
2025.04.09 16:17:59 INFO  no build target found for C:\labs\MAGISTER\1 course\TRPO\Lab-2-1\main.scala. Using presentation compiler with project's scala-library version: 3.3.5
2025.04.09 16:17:59 INFO  no build target found for C:\labs\MAGISTER\1 course\TRPO\Lab-2-1\main.scala. Using presentation compiler with project's scala-library version: 3.3.5
2025.04.09 16:17:59 INFO  no build target found for C:\labs\MAGISTER\1 course\TRPO\Lab-2-1\main.scala. Using presentation compiler with project's scala-library version: 3.3.5
2025.04.09 16:18:00 INFO  no build target found for C:\labs\MAGISTER\1 course\TRPO\Lab-2-1\main.scala. Using presentation compiler with project's scala-library version: 3.3.5
2025.04.09 16:18:01 INFO  no build target found for C:\labs\MAGISTER\1 course\TRPO\Lab-2-1\main.scala. Using presentation compiler with project's scala-library version: 3.3.5
2025.04.09 16:18:01 INFO  no build target found for C:\labs\MAGISTER\1 course\TRPO\Lab-2-1\main.scala. Using presentation compiler with project's scala-library version: 3.3.5
2025.04.09 16:18:01 INFO  no build target found for C:\labs\MAGISTER\1 course\TRPO\Lab-2-1\main.scala. Using presentation compiler with project's scala-library version: 3.3.5
2025.04.09 16:18:01 INFO  no build target found for C:\labs\MAGISTER\1 course\TRPO\Lab-2-1\main.scala. Using presentation compiler with project's scala-library version: 3.3.5
2025.04.09 16:18:01 INFO  no build target found for C:\labs\MAGISTER\1 course\TRPO\Lab-2-1\main.scala. Using presentation compiler with project's scala-library version: 3.3.5
2025.04.09 16:18:01 INFO  no build target found for C:\labs\MAGISTER\1 course\TRPO\Lab-2-1\main.scala. Using presentation compiler with project's scala-library version: 3.3.5
2025.04.09 16:18:01 INFO  no build target found for C:\labs\MAGISTER\1 course\TRPO\Lab-2-1\main.scala. Using presentation compiler with project's scala-library version: 3.3.5
2025.04.09 16:18:01 INFO  no build target found for C:\labs\MAGISTER\1 course\TRPO\Lab-2-1\main.scala. Using presentation compiler with project's scala-library version: 3.3.5
2025.04.09 16:18:02 INFO  no build target found for C:\labs\MAGISTER\1 course\TRPO\Lab-2-1\main.scala. Using presentation compiler with project's scala-library version: 3.3.5
2025.04.09 16:18:02 INFO  no build target found for C:\labs\MAGISTER\1 course\TRPO\Lab-2-1\main.scala. Using presentation compiler with project's scala-library version: 3.3.5
2025.04.09 16:18:02 INFO  no build target found for C:\labs\MAGISTER\1 course\TRPO\Lab-2-1\main.scala. Using presentation compiler with project's scala-library version: 3.3.5
2025.04.09 16:18:02 WARN  no build target for: C:\labs\MAGISTER\1 course\TRPO\Lab-2-1\main.scala
2025.04.09 16:18:02 INFO  no build target found for C:\labs\MAGISTER\1 course\TRPO\Lab-2-1\main.scala. Using presentation compiler with project's scala-library version: 3.3.5
2025.04.09 16:18:02 INFO  no build target found for C:\labs\MAGISTER\1 course\TRPO\Lab-2-1\main.scala. Using presentation compiler with project's scala-library version: 3.3.5
2025.04.09 16:18:07 INFO  no build target found for C:\labs\MAGISTER\1 course\TRPO\Lab-2-1\main.scala. Using presentation compiler with project's scala-library version: 3.3.5
2025.04.09 16:18:07 INFO  no build target found for C:\labs\MAGISTER\1 course\TRPO\Lab-2-1\main.scala. Using presentation compiler with project's scala-library version: 3.3.5
2025.04.09 16:18:07 INFO  no build target found for C:\labs\MAGISTER\1 course\TRPO\Lab-2-1\main.scala. Using presentation compiler with project's scala-library version: 3.3.5
2025.04.09 16:18:07 INFO  no build target found for C:\labs\MAGISTER\1 course\TRPO\Lab-2-1\main.scala. Using presentation compiler with project's scala-library version: 3.3.5
2025.04.09 16:18:07 INFO  no build target found for C:\labs\MAGISTER\1 course\TRPO\Lab-2-1\main.scala. Using presentation compiler with project's scala-library version: 3.3.5
2025.04.09 16:18:07 INFO  no build target found for C:\labs\MAGISTER\1 course\TRPO\Lab-2-1\main.scala. Using presentation compiler with project's scala-library version: 3.3.5
2025.04.09 16:18:07 INFO  no build target found for C:\labs\MAGISTER\1 course\TRPO\Lab-2-1\main.scala. Using presentation compiler with project's scala-library version: 3.3.5
2025.04.09 16:18:08 INFO  no build target found for C:\labs\MAGISTER\1 course\TRPO\Lab-2-1\main.scala. Using presentation compiler with project's scala-library version: 3.3.5
2025.04.09 16:18:08 INFO  no build target found for C:\labs\MAGISTER\1 course\TRPO\Lab-2-1\main.scala. Using presentation compiler with project's scala-library version: 3.3.5
2025.04.09 16:18:09 INFO  no build target found for C:\labs\MAGISTER\1 course\TRPO\Lab-2-1\main.scala. Using presentation compiler with project's scala-library version: 3.3.5
2025.04.09 16:18:09 ERROR Timeout waiting for 'build/initialize' response
2025.04.09 16:18:09 WARN  Retrying connection to the build server scala
2025.04.09 16:18:09 INFO  Running BSP server List(C:\Users\evgen\AppData\Local\Coursier\cache\arc\https\github.com\scala\scala3\releases\download\3.6.4\scala3-3.6.4-x86_64-pc-win32.zip\scala3-3.6.4-x86_64-pc-win32\libexec\scala-cli.exe, --cli-default-scala-version, 3.6.4, --repository, file:///C:/Users/evgen/AppData/Local/Coursier/cache/arc/https/github.com/scala/scala3/releases/download/3.6.4/scala3-3.6.4-x86_64-pc-win32.zip/scala3-3.6.4-x86_64-pc-win32/maven2, --prog-name, scala, --skip-cli-updates, bsp, --json-options, c:\labs\MAGISTER\1 course\TRPO\Lab-2-1\.scala-build\ide-options-v2.json, --json-launcher-options, c:\labs\MAGISTER\1 course\TRPO\Lab-2-1\.scala-build\ide-launcher-options.json, --envs-file, c:\labs\MAGISTER\1 course\TRPO\Lab-2-1\.scala-build\ide-envs.json, c:\labs\MAGISTER\1 course\TRPO\Lab-2-1\hello.scala)
2025.04.09 16:18:09 INFO  tracing is disabled for protocol BSP, to enable tracing of incoming and outgoing JSON messages create an empty file at C:\labs\MAGISTER\1 course\TRPO\Lab-2-1\.metals\bsp.trace.json or C:\Users\evgen\AppData\Local\scalameta\metals\cache\bsp.trace.json
2025.04.09 16:18:09 INFO  BSP server: Error: java.nio.file.NoSuchFileException: c:\labs\MAGISTER\1 course\TRPO\Lab-2-1\hello.scala
2025.04.09 16:18:09 INFO  BSP server: For more details, please see 'c:\labs\MAGISTER\1 course\TRPO\Lab-2-1\.scala-build\stacktraces\1744190289-11430406916918632479.log'
2025.04.09 16:18:10 INFO  no build target found for C:\labs\MAGISTER\1 course\TRPO\Lab-2-1\main.scala. Using presentation compiler with project's scala-library version: 3.3.5
2025.04.09 16:18:10 WARN  no build target for: C:\labs\MAGISTER\1 course\TRPO\Lab-2-1\main.scala
2025.04.09 16:18:10 INFO  no build target found for C:\labs\MAGISTER\1 course\TRPO\Lab-2-1\main.scala. Using presentation compiler with project's scala-library version: 3.3.5
2025.04.09 16:18:10 INFO  no build target found for C:\labs\MAGISTER\1 course\TRPO\Lab-2-1\main.scala. Using presentation compiler with project's scala-library version: 3.3.5
2025.04.09 16:18:10 INFO  no build target found for C:\labs\MAGISTER\1 course\TRPO\Lab-2-1\main.scala. Using presentation compiler with project's scala-library version: 3.3.5
Р°РїСЂ. 09, 2025 4:18:10 PM scala.meta.internal.metals.StdReporter $anonfun$create$1
WARNING: empty definition using pc, found symbol in pc: scala/collection/immutable/List#foreach(). (full report at: C:\labs\MAGISTER\1 course\TRPO\Lab-2-1\.metals\.reports\metals-full\2025-04-09\r_empty-definition_16-17-25-816.md)
2025.04.09 16:18:21 INFO  no build target found for C:\labs\MAGISTER\1 course\TRPO\Lab-2-1\main.scala. Using presentation compiler with project's scala-library version: 3.3.5
2025.04.09 16:18:21 INFO  no build target found for C:\labs\MAGISTER\1 course\TRPO\Lab-2-1\main.scala. Using presentation compiler with project's scala-library version: 3.3.5
2025.04.09 16:18:21 INFO  no build target found for C:\labs\MAGISTER\1 course\TRPO\Lab-2-1\main.scala. Using presentation compiler with project's scala-library version: 3.3.5
2025.04.09 16:18:22 INFO  no build target found for C:\labs\MAGISTER\1 course\TRPO\Lab-2-1\main.scala. Using presentation compiler with project's scala-library version: 3.3.5
2025.04.09 16:18:23 WARN  no build target for: C:\labs\MAGISTER\1 course\TRPO\Lab-2-1\main.scala
2025.04.09 16:18:23 INFO  no build target found for C:\labs\MAGISTER\1 course\TRPO\Lab-2-1\main.scala. Using presentation compiler with project's scala-library version: 3.3.5
2025.04.09 16:18:27 INFO  no build target found for C:\labs\MAGISTER\1 course\TRPO\Lab-2-1\main.scala. Using presentation compiler with project's scala-library version: 3.3.5
2025.04.09 16:18:35 INFO  no build target found for C:\labs\MAGISTER\1 course\TRPO\Lab-2-1\main.scala. Using presentation compiler with project's scala-library version: 3.3.5
2025.04.09 16:19:09 ERROR Timeout waiting for 'build/initialize' response
2025.04.09 16:19:09 ERROR Failed to connect with build server, no functionality will work.
java.util.concurrent.TimeoutException
	at java.util.concurrent.CompletableFuture.timedGet(CompletableFuture.java:2006)
	at java.util.concurrent.CompletableFuture.get(CompletableFuture.java:2141)
	at scala.meta.internal.metals.BuildServerConnection$.initialize(BuildServerConnection.scala:754)
	at scala.meta.internal.metals.BuildServerConnection$.$anonfun$fromSockets$1(BuildServerConnection.scala:627)
	at scala.concurrent.impl.Promise$Transformation.run(Promise.scala:467)
	at java.util.concurrent.ThreadPoolExecutor.runWorker(ThreadPoolExecutor.java:1095)
	at java.util.concurrent.ThreadPoolExecutor$Worker.run(ThreadPoolExecutor.java:619)
	at java.lang.Thread.run(Thread.java:1447)

2025.04.09 16:19:09 WARN  no build target for: C:\labs\MAGISTER\1 course\TRPO\Lab-2-1\Main.scala
2025.04.09 16:19:09 INFO  no build target found for C:\labs\MAGISTER\1 course\TRPO\Lab-2-1\main.scala. Using presentation compiler with project's scala-library version: 3.3.5
2025.04.09 16:19:09 WARN  no build target for: C:\labs\MAGISTER\1 course\TRPO\Lab-2-1\lab1\src\main\scala\my\scalafx\Fraction.scala
2025.04.09 16:19:10 INFO  no build target found for C:\labs\MAGISTER\1 course\TRPO\Lab-2-1\lab1\src\main\scala\my\scalafx\Fraction.scala. Using presentation compiler with project's scala-library version: 3.3.5
2025.04.09 16:19:10 INFO  no build target found for C:\labs\MAGISTER\1 course\TRPO\Lab-2-1\main.scala. Using presentation compiler with project's scala-library version: 3.3.5
2025.04.09 16:34:10 INFO  Shutting down server
2025.04.09 16:34:10 INFO  shutting down Metals
2025.04.09 16:34:10 INFO  Exiting server
2025.04.10 16:51:25 INFO  Started: Metals version 1.5.2 in folders 'C:\labs\MAGISTER\1 course\TRPO\2 semester\Lab-1' for client Visual Studio Code 1.99.1.
